VENDOR NAME,EXPENSE CATEGORY,PAYMENT AMOUNT,PAYMENT DATE
"ATLAS FIRST ACCESS MATERIAL HANDLING, INC.",MAINTENANCE & REPAIRS,21397.08,1/2/2025
COSTCO WHOLESALE,ADVERTISING & PROMOTION,65.00,2/27/2025
"OER SERVICES, LLC",EQUIPMENT RENTAL,18396.25,2/4/2025
"HADADY MACHINING CO., INC.",DIRECT PURCHASES,2670.00,1/2/2025
MURRAY & TRETTEL INC,GENERAL EXPENSES,554.17,1/30/2025
"STANTON MECHANICAL, INC.",MAINTENANCE & REPAIRS,8168.00,2/4/2025
*Kambrian Corporation,TECHNOLOGY SERVICES,9050.00,2/11/2025
"VERIZON WIRELESS, INC.",UTILITIES EXPENSE,220979.69,2/6/2025
"WISCO, INC.",MAINTENANCE & REPAIRS,198.00,1/28/2025
"*MOTR GRAFX, LLC",ADVERTISING & PROMOTION,995.00,2/6/2025
CINTAS CORPORATION 2,CONTRACTUAL SERVICES,5418.24,1/9/2025
CPS PARKING,CONTRACTUAL SERVICES,5000.00,2/13/2025
"*ALVAREZ, INC.",MAINTENANCE & REPAIRS,7707.96,1/2/2025
DUPAGE MEDICAL GROUP,ADMINISTRATION & HR,187.50,1/16/2025
"*ANCHOR STAFFING, INC.",GENERAL EXPENSES,5331.99,1/16/2025
TRESCAL INC,MAINTENANCE & REPAIRS,976.36,1/16/2025
*SOUTH SUBURBAN PEST CONTROL,MAINTENANCE & REPAIRS,8141.20,1/30/2025
ILLINOIS SECRETARY OF STATE,GENERAL EXPENSES,50.00,1/16/2025
TOMPKINS PRINTING EQUIPMENT CO.,MAINTENANCE & REPAIRS,312.96,2/26/2025
XEROX CORPORATION /XEROX CTR,MAINTENANCE & REPAIRS,10586.53,2/27/2025
JEFFERSON PARK 4829 LLC,FACILITY RENTAL,27864.54,1/21/2025
"WAREHOUSE DIRECT, INC.",MAINTENANCE & REPAIRS,50.00,2/13/2025
STENSTROM PROTANIC LLC.,MAINTENANCE & REPAIRS,355.74,1/7/2025
JEFFERSON PARK 4829 LLC,FACILITY RENTAL,27864.54,2/21/2025
SHI INTERNATIONAL CORP.,TECHNOLOGY SERVICES,99745.87,1/23/2025
LARSON SYSTEMS INC,MAINTENANCE & REPAIRS,3500.00,2/6/2025
ILLINOIS SECRETARY OF STATE,GENERAL EXPENSES,50.00,1/16/2025
*J.P. SIMONS & COMPANY,DIRECT PURCHASES,31214.70,1/9/2025
"MANSFIELD OIL COMPANY OF GAINESVILLE, INC.",FUEL EXPENSE,175835.31,2/13/2025
CITATION BOX & PAPER CO.,DIRECT PURCHASES,3178.35,2/13/2025
"TRAPEZE SOFTWARE GROUP, INC",MAINTENANCE & REPAIRS,2032224.76,2/27/2025
"*TRC SERVICES, INC.",MAINTENANCE & REPAIRS,29827.83,1/9/2025
AGAE / PRO FENCE JOINT VENTURE,MAINTENANCE & REPAIRS,33195.40,1/28/2025
*TCR RAIL SYSTEMS,DIRECT PURCHASES,9187.50,1/2/2025
ILLINOIS SECRETARY OF STATE,GENERAL EXPENSES,50.00,1/16/2025
AMERICAN RAILWAY ENGINEERING AND MAINTENANCE OF WAY ASSOCIATION,GENERAL EXPENSES,840.00,1/7/2025
"SAF-T-GARD INTERNATIONAL, INC.",CONTRACTUAL SERVICES,1308.00,2/27/2025
CHICAGO SUN TIMES MEDIA INC,GENERAL EXPENSES,100.00,2/6/2025
CUMMINS INC.,MAINTENANCE & REPAIRS,1633.89,1/30/2025
OCONNOR & BATTLE LLP,LEGAL COSTS,12555.50,2/6/2025
ANDERSON ELEVATOR CO.,MAINTENANCE & REPAIRS,6250.00,2/4/2025
GENUINE PARTS COMPANY (NAPA),GENERAL EXPENSES,235.30,2/27/2025
"IMPERIAL CRANE SERVICES, INC.",EQUIPMENT RENTAL,4260.00,2/6/2025
Jarrett Walker + Associates,CONSULTING,14800.00,1/9/2025
SERVICE SANITATION INC,MAINTENANCE & REPAIRS,60.00,1/9/2025
AMERICAN PUBLIC TRANSPORTATION ASSOCIATION,TRAVEL & MEETING EXPENSE,839.00,2/19/2025
"MANSFIELD OIL COMPANY OF GAINESVILLE, INC.",FUEL EXPENSE,1162820.01,1/28/2025
SERVICE SANITATION INC,MAINTENANCE & REPAIRS,1808.00,1/28/2025
CITY OF CHICAGO DEPT.OF REVENUE-RED LIGHT,GENERAL EXPENSES,740.00,2/13/2025
ROSS CORYANNE,LEGAL COSTS,25.00,1/30/2025
"GARDA CL GREAT LAKES, INC.",FINANCIAL & TREAS SVCS,715.51,2/27/2025
"CLEVER DEVICES, LTD",TECHNOLOGY SERVICES,457312.96,2/27/2025
PLANET DEPOS LLC,GENERAL EXPENSES,2470.34,2/6/2025
"JONES LANG LaSALLE, INCORPORATED",MAINTENANCE & REPAIRS,197261.74,2/21/2025
ASTM INTERNATIONAL,GENERAL EXPENSES,22283.00,2/6/2025
GEORGE E RYDMAN & ASSOC. LTD,LEGAL COSTS,123.75,2/6/2025
*FALK ASSOCIATES,CONTRACTUAL SERVICES,888.08,2/21/2025
AMERICAN PUBLIC TRANSPORTATION ASSOCIATION,TRAVEL & MEETING EXPENSE,839.00,1/16/2025
"PRISM PACKAGING CONSULTANTS, LLC.",MAINTENANCE & REPAIRS,2855.15,2/21/2025
JAMIL SALMAN,GENERAL EXPENSES,850.00,1/30/2025
HAMPTON INN BY HILTON,TRAVEL & MEETING EXPENSE,1258.04,2/27/2025
PNC BANK,TRAVEL & MEETING EXPENSE,2294.74,1/17/2025
STAPLES ADVANTAGE,DIRECT PURCHASES,39382.34,1/30/2025
GENUINE PARTS COMPANY (NAPA),DIRECT PURCHASES,41192.46,1/21/2025
CUMMINS INC.,MAINTENANCE & REPAIRS,916.20,1/23/2025
CDM SMITH INC.,CONTRACTUAL SERVICES,24054.82,1/16/2025
"LUMINATOR TECHNOLOGY GROUP GLOBAL, LLC dba LUMINATOR TECHNOLOGY GROUP",MAINTENANCE & REPAIRS,62842.50,1/30/2025
ENTERPRISE FLEET SERVICES,EQUIPMENT RENTAL,266339.43,1/2/2025
DUPAGE MEDICAL GROUP,ADMINISTRATION & HR,750.00,1/16/2025
GENUINE PARTS COMPANY (NAPA),TRAVEL & MEETING EXPENSE,114.24,1/7/2025
ILLINOIS SECRETARY OF STATE,GENERAL EXPENSES,50.00,1/16/2025
GENUINE PARTS COMPANY (NAPA),FINANCIAL & TREAS SVCS,5156.18,1/23/2025
"WISCO, INC.",MAINTENANCE & REPAIRS,338.10,1/23/2025
HAMPTON INN BY HILTON,TRAVEL & MEETING EXPENSE,1258.04,2/27/2025
PNC BANK,TRAVEL & MEETING EXPENSE,1034.88,2/20/2025
*CHICAGO PAVING AND CONCRETE INC.,MAINTENANCE & REPAIRS,203806.95,1/16/2025
DOOR COUNTY CLERK OF COURTS,ADMINISTRATION & HR,18.25,1/30/2025
JOHN SHEBELSKI,CONTRACTUAL SERVICES,4860.00,1/2/2025
ILLINOIS INSTITUTE OF TECHNOLOGY,GENERAL EXPENSES,200.00,1/9/2025
"MCCORKLE LITIGATION SERVICES, INC",LEGAL COSTS,217.00,1/28/2025
"WISCO, INC.",MAINTENANCE & REPAIRS,211.50,1/21/2025
CHICAGO METROPOLITAN FIRE PREVENTION CO,MAINTENANCE & REPAIRS,510.00,2/20/2025
BEVERLY & PAUSE,LEGAL COSTS,9257.50,2/6/2025
ROSALI PEREZ,LEGAL COSTS,25.00,1/16/2025
PEOPLES GAS,UTILITIES EXPENSE,90732.12,2/20/2025
CSC,MAINTENANCE & REPAIRS,4372.50,1/16/2025
"West Publishing Corporation d/b/a Thomson Reuters - West or West, a Thomson Reuters Business or Thomson West or West Group",FINANCIAL & TREAS SVCS,10121.81,2/27/2025
CHICAGO POLICE DEPARTMENT  (1),LEGAL COSTS,25.00,2/7/2025
"GIST ENTITIES, LLC DBA ARCPOINT LABS OF ORLAND PARK",ADMINISTRATION & HR,25950.00,1/14/2025
Presidio,TECHNOLOGY SERVICES,230820.60,1/16/2025
"TOOMEY REPORTING, INC.",LEGAL COSTS,227.55,2/6/2025
CITY OF CHICAGO DEPT.OF REVENUE-RED LIGHT,GENERAL EXPENSES,735.00,1/23/2025
JACKSON LEWIS PC,LEGAL COSTS,562.00,2/4/2025
AMERICAN INSURANCE SERVICES GROUP,CONTRACTUAL SERVICES,11554.00,2/20/2025
PLANET DEPOS LLC,GENERAL EXPENSES,499.00,1/30/2025
INSIGHT PUBLIC SECTOR,MAINTENANCE & REPAIRS,8399.46,1/16/2025
"*TRC SERVICES, INC.",MAINTENANCE & REPAIRS,32742.74,1/30/2025
"INTER-CON SECURITY SYSTEMS, INC",PURCHASE OF SECURITY SERVICES,382344.73,1/2/2025
"Retrac, Inc. dba Think Safe Inc.",MAINTENANCE & REPAIRS,2404.62,1/9/2025
WALTERNIQUE JOHNSON,LEGAL COSTS,75.00,2/6/2025
GENUINE PARTS COMPANY (NAPA),DIRECT PURCHASES,3754.50,2/13/2025
"PROMPT ELECTRIC, INC.",MAINTENANCE & REPAIRS,12762.40,1/14/2025
ARC IMAGING RESOURCES,MAINTENANCE & REPAIRS,557.26,1/9/2025
Carahsoft Technology Corporation,GENERAL EXPENSES,20229.08,1/23/2025
*Kambrian Corporation,GENERAL EXPENSES,15281.10,2/13/2025
EHC CANADA INC. d/b/a EHC GLOBAL,DIRECT PURCHASES,7580.00,1/21/2025
MP2 ENERGY NE LLC,UTILITIES EXPENSE,102203.85,1/2/2025
CITY OF CHICAGO-DEPT OF WATER,UTILITIES EXPENSE,505.86,1/9/2025
BALOUGH LAW OFFICES LLC,LEGAL COSTS,4653.00,2/27/2025
"AT&T ENTERPRISES, LLC",UTILITIES EXPENSE,7102.06,2/6/2025
Michael Best Strategies,CONTRACTUAL SERVICES,6000.00,2/20/2025
"Canopy Services, LLC dba HySafe",DIRECT PURCHASES,3790.00,1/2/2025
FORESIGHT RECONSTRUCTION INC,LEGAL COSTS,15112.50,1/23/2025
CITY OF CHICAGO DEPT.OF REVENUE-RED LIGHT,GENERAL EXPENSES,540.00,1/16/2025
AN EXECUTIVE DECISION,CONTRACTUAL SERVICES,5204.20,1/2/2025
EQUIFAX WORKFORCE SOLUTIONS LLC,CONTRACTUAL SERVICES,150.00,1/30/2025
CPS PARKING,PURCHASE OF SECURITY SERVICES,4224.00,1/30/2025
STENSTROM PROTANIC LLC.,MAINTENANCE & REPAIRS,900.00,2/25/2025
XEROX CORPORATION /XEROX CTR,MAINTENANCE & REPAIRS,10469.24,1/16/2025
"RESOURCE SYSTEMS GROUP, INC.",CONSULTING,21684.98,2/13/2025
BRADLEY GOLOB,LEGAL COSTS,25.00,1/30/2025
EVERGREEN PARK RED LIGHT,GENERAL EXPENSES,100.00,2/6/2025
TRADEBE TREATMENT & RECYCLING LLC,MAINTENANCE & REPAIRS,493.92,2/6/2025
"THE MCS GROUP, INC.",ADMINISTRATION & HR,188.40,1/16/2025
OCONNOR & BATTLE LLP,LEGAL COSTS,7188.00,1/30/2025
*TCR RAIL SYSTEMS,DIRECT PURCHASES,25735.00,1/16/2025
PNC BANK,MAINTENANCE & REPAIRS,414.05,2/20/2025
"GUARDIAN INDUSTRIAL SUPPLY, LLC",DIRECT PURCHASES,882.25,1/23/2025
"VERITEXT, LLC",LEGAL COSTS,1008.70,1/9/2025
SIEVERT ELECTRIC SERVICE & SALES,MAINTENANCE & REPAIRS,15278.00,1/16/2025
"COMET MESSENGER SERVICE, INC.",CONTRACTUAL SERVICES,221.51,1/2/2025
"MCCORKLE LITIGATION SERVICES, INC",LEGAL COSTS,255.00,1/14/2025
ILLINOIS SECRETARY OF STATE,GENERAL EXPENSES,50.00,1/16/2025
COMMONWEALTH EDISON.,UTILITIES EXPENSE,604653.74,2/27/2025
"*ANCHOR STAFFING, INC.",GENERAL EXPENSES,5355.30,1/9/2025
"*ACTION K-9 SECURITY, INC.",PURCHASE OF SECURITY SERVICES,2272298.04,1/30/2025
LOHNES+WRIGHT,ADVERTISING & PROMOTION,3645.99,2/21/2025
MP2 ENERGY NE LLC,UTILITIES EXPENSE,152386.80,2/4/2025
PNC BANK,GENERAL EXPENSES,144.88,2/20/2025
CHICAGO POLICE DEPARTMENT  (1),LEGAL COSTS,25.00,2/7/2025
KOPKA PINKUS & DOLIN PC,LEGAL COSTS,11927.22,1/2/2025
"A BEEP, LLC",UTILITIES EXPENSE,136304.00,1/2/2025
SERVICE SANITATION INC,MAINTENANCE & REPAIRS,875.00,2/25/2025
CK REPORTING,LEGAL COSTS,844.10,2/27/2025
"CUBIC TRANSPORTATION SYSTEMS, INC.",DIRECT PURCHASES,1059847.80,1/7/2025
FOX VALLEY FIRE & SAFETY COMPANY,MAINTENANCE & REPAIRS,776.00,1/9/2025
REVOLUTION WORKSHOP,CONSULTING,8650.00,1/9/2025
"WISCO, INC.",DIRECT PURCHASES,1283.35,1/14/2025
"WISCO, INC.",MAINTENANCE & REPAIRS,435.30,1/30/2025
TIMOTHY BRANNIGAN,LEGAL COSTS,25.00,1/30/2025
"Christopher Glass Services, Inc",MAINTENANCE & REPAIRS,28102.57,2/27/2025
MEDIAAGILITY INC,TECHNOLOGY SERVICES,2928.17,1/7/2025
PNC BANK,TRAVEL & MEETING EXPENSE,1147.24,2/20/2025
*MOBILE HEALTH & TESTING SERVICES,ADMINISTRATION & HR,52177.78,1/14/2025
AN EXECUTIVE DECISION,GENERAL EXPENSES,13047.11,1/2/2025
ALSCO Inc.,GENERAL EXPENSES,34.65,1/9/2025
GENUINE PARTS COMPANY (NAPA),MAINTENANCE & REPAIRS,213.75,2/6/2025
"AT&T ENTERPRISES, LLC",UTILITIES EXPENSE,30369.74,1/9/2025
"MANSFIELD OIL COMPANY OF GAINESVILLE, INC.",FUEL EXPENSE,673931.56,2/11/2025
"ATLAS FIRST ACCESS MATERIAL HANDLING, INC.",MAINTENANCE & REPAIRS,3233.22,2/13/2025
"INSPE ASSOCIATES,LTD.",ADMINISTRATION & HR,1155.00,1/9/2025
GENUINE PARTS COMPANY (NAPA),ADVERTISING & PROMOTION,9600.00,2/27/2025
"COLONIAL OIL INDUSTRIES, INC.",DIRECT PURCHASES,16704.17,1/7/2025
"CUBIC TRANSPORTATION SYSTEMS, INC.",CONTRACTUAL SERVICES,2333235.91,2/13/2025
"SVANACO, INC.",TECHNOLOGY SERVICES,37375.00,2/27/2025
PULLMAN GATEWAY LLC,EQUIPMENT RENTAL,25730.25,2/27/2025
"DATA TEC SYSTEMS, INC.",CONTRACTUAL SERVICES,1632.00,1/9/2025
"PROMPT ELECTRIC, INC.",DIRECT PURCHASES,1685.00,1/14/2025
"CUBIC TRANSPORTATION SYSTEMS, INC.",CONTRACTUAL SERVICES,1555390.50,2/27/2025
"JONES LANG LaSALLE, INCORPORATED",CONSULTING,14768.38,1/7/2025
Carahsoft Technology Corporation,CONSULTING,12903.00,1/23/2025
AMERICAN TOWERS LLC,EQUIPMENT RENTAL,10265.96,1/9/2025
"WILLIAMS SCOTSMAN, INC. DBA WILLSCOT",MAINTENANCE & REPAIRS,660.00,2/13/2025
SHARON E THOMPSON,LEGAL COSTS,36.00,2/20/2025
*MOBILE HEALTH & TESTING SERVICES,ADMINISTRATION & HR,47098.00,2/13/2025
LEXITAS,LEGAL COSTS,519.48,1/23/2025
"HERITAGE-CRYSTAL CLEAN, LLC",DIRECT PURCHASES,10127.22,1/16/2025
"COMET MESSENGER SERVICE, INC.",CONTRACTUAL SERVICES,1077.50,2/13/2025
"GREENLINE ENVIRONMENTAL SOLUTIONS, LLC",EQUIPMENT RENTAL,45890.00,1/2/2025
"*ANDERSON & SHAH ROOFING, INC.",MAINTENANCE & REPAIRS,14732.50,2/6/2025
"RI-DEL MFG, INC",DIRECT PURCHASES,8239.00,1/9/2025
GENUINE PARTS COMPANY (NAPA),MAINTENANCE & REPAIRS,4551.24,1/21/2025
ASSOCIATION FOR TALENT DEVELOPMENT,TRAVEL & MEETING EXPENSE,2245.00,1/23/2025
LESTER & ROSALIE ANIXTER CENTER,GENERAL EXPENSES,3855.00,2/20/2025
AURIGA CORPORATION,CONSULTING,8214.25,1/23/2025
Carahsoft Technology Corporation,GENERAL EXPENSES,20229.08,1/21/2025
AGAE / PRO FENCE JOINT VENTURE,MAINTENANCE & REPAIRS,3766.50,2/27/2025
LORCHEM TECHNOLOGIES INC,MAINTENANCE & REPAIRS,2158.37,1/16/2025
EHC CANADA INC. d/b/a EHC GLOBAL,DIRECT PURCHASES,4340.40,1/2/2025
"*ANCHOR STAFFING, INC.",GENERAL EXPENSES,4697.50,1/23/2025
CUMMINS INC.,MAINTENANCE & REPAIRS,1272.46,1/21/2025
"HEYL, ROYSTER, VOELKER & ALLEN P.C.",LEGAL COSTS,13519.50,1/2/2025
FEDEX,GENERAL EXPENSES,50.23,2/6/2025
ILLINOIS SECRETARY OF STATE,GENERAL EXPENSES,50.00,1/16/2025
PNC BANK,DIRECT PURCHASES,200.00,1/17/2025
GENUINE PARTS COMPANY (NAPA),CONSULTING,160885.00,2/6/2025
NATASHA SINGH MD,ADMINISTRATION & HR,200.00,2/20/2025
RAFAEL NIEVES,LEGAL COSTS,25.00,1/30/2025
"*ANCHOR STAFFING, INC.",GENERAL EXPENSES,5533.00,2/21/2025
"ATLAS FIRST ACCESS MATERIAL HANDLING, INC.",MAINTENANCE & REPAIRS,5512.94,2/21/2025
"ATLAS FIRST ACCESS MATERIAL HANDLING, INC.",MAINTENANCE & REPAIRS,8050.88,1/28/2025
Vincent R Williams & Associates P.C.,CONTRACTUAL SERVICES,54000.00,1/28/2025
ROYAL REPORTING SERVICES,LEGAL COSTS,1142.00,1/9/2025
"ATLAS FIRST ACCESS MATERIAL HANDLING, INC.",MAINTENANCE & REPAIRS,17915.87,1/14/2025
JEWEL OSCO,CONTRACTUAL SERVICES,268.70,2/27/2025
SERVICE SANITATION INC,MAINTENANCE & REPAIRS,152.00,2/4/2025
CDM SMITH INC.,CONTRACTUAL SERVICES,9746.08,1/2/2025
AGAE / PRO FENCE JOINT VENTURE,MAINTENANCE & REPAIRS,4954.10,2/6/2025
MP2 ENERGY NE LLC,UTILITIES EXPENSE,392900.50,1/16/2025
"AMERESCO, INC.",CONSULTING,17166.00,1/30/2025
"*SILK SCREEN EXPRESS, INC..",TRAVEL & MEETING EXPENSE,840.00,2/21/2025
CITY OF CHICAGO-DEPT OF WATER,UTILITIES EXPENSE,1160.26,1/7/2025
CUMMINS INC.,MAINTENANCE & REPAIRS,305.40,2/21/2025
VILLAGE OF OAK PARK UTILITIES,UTILITIES EXPENSE,955.72,1/30/2025
PLANET DEPOS LLC,GENERAL EXPENSES,5005.00,2/13/2025
CITY OF CHICAGO-DEPT OF FLEET AND FACILITY  MGMT,MAINTENANCE & REPAIRS,117002.74,1/16/2025
"ROTHSCHILD, BARRY & MYERS LLP",LEGAL COSTS,3805.44,2/6/2025
"JONES ENVIRONMENTAL CONTROL, INC.",MAINTENANCE & REPAIRS,57310.30,2/4/2025
"LUMINATOR TECHNOLOGY GROUP GLOBAL, LLC dba LUMINATOR TECHNOLOGY GROUP",FINANCIAL & TREAS SVCS,96278.96,2/21/2025
XEROX CORPORATION /XEROX CTR,MAINTENANCE & REPAIRS,39217.55,2/27/2025
AN EXECUTIVE DECISION,GENERAL EXPENSES,67.42,1/2/2025
AN EXECUTIVE DECISION,GENERAL EXPENSES,1626.76,1/9/2025
CHICAGO TRIBUNE,GENERAL EXPENSES,37.11,2/6/2025
CITY OF CHICAGO-DEPT OF WATER,UTILITIES EXPENSE,27080.90,2/21/2025
WILLIAM FOSTER,GENERAL EXPENSES,4881.84,1/30/2025
"INSPE ASSOCIATES,LTD.",ADMINISTRATION & HR,7200.00,2/20/2025
MOORE-ADDISON CO.,EQUIPMENT RENTAL,5200.00,1/30/2025
CHARLES EQUIPMENT ENERGY SYSTEMS LLC,MAINTENANCE & REPAIRS,1702.80,2/13/2025
"AT&T MOBILITY NATIONAL ACCOUNTS, LLC",UTILITIES EXPENSE,42913.90,1/2/2025
"BORED IN CHICAGO, LLC",ADVERTISING & PROMOTION,4000.00,2/13/2025
*CityEscape Garden & Design,GENERAL EXPENSES,1970.00,1/16/2025
CSCHED registered legal name COURVAL SCHEDULING INC,TECHNOLOGY SERVICES,5524.75,1/2/2025
COOK COUNTY SHERIFF DEPARTMENT,MAINTENANCE & REPAIRS,34128.06,1/16/2025
"JONES ENVIRONMENTAL CONTROL, INC.",MAINTENANCE & REPAIRS,73622.00,1/16/2025
"*ATLAS & ASSOCIATES, INC.",MAINTENANCE & REPAIRS,11897.00,2/13/2025
"Image Exchange/Transit Gifts, Inc.",GENERAL EXPENSES,983.57,1/30/2025
"WISCO, INC.",DIRECT PURCHASES,140.30,1/30/2025
"OER SERVICES, LLC",EQUIPMENT RENTAL,50457.00,2/6/2025
AGAE / PRO FENCE JOINT VENTURE,MAINTENANCE & REPAIRS,12906.10,1/23/2025
"*ZANN & Associates, Inc.",CONSULTING,43082.50,1/28/2025
TOMPKINS PRINTING EQUIPMENT CO.,MAINTENANCE & REPAIRS,2520.33,2/12/2025
"THOMAS J. WALSH CONSULTING, LLC",CONTRACTUAL SERVICES,24000.00,1/7/2025
NATIONAL SAFETY COUNCIL,CONTRACTUAL SERVICES,2706.76,2/27/2025
"Christopher Glass Services, Inc",MAINTENANCE & REPAIRS,1109.00,1/7/2025
CSCHED registered legal name COURVAL SCHEDULING INC,TECHNOLOGY SERVICES,3504.50,2/12/2025
JAMIL SALMAN,GENERAL EXPENSES,850.00,1/16/2025
LATHROP GAGE LLP,TRAVEL & MEETING EXPENSE,2230.50,2/13/2025
CITY OF CHICAGO DEPT.OF REVENUE-RED LIGHT,GENERAL EXPENSES,2900.00,2/20/2025
SDI PRESENCE LLC,TECHNOLOGY SERVICES,432142.29,1/30/2025
TAFT STETTINIUS & HOLLISTER LLP,LEGAL COSTS,11121.50,2/13/2025
AMERICAN PUBLIC TRANSPORTATION ASSOCIATION,TRAVEL & MEETING EXPENSE,550.00,2/21/2025
VILLAGE OF OAK PARK UTILITIES,UTILITIES EXPENSE,1105.42,2/27/2025
"OCCUPATIONAL TRAINING & SUPPLY, INC.",TRAVEL & MEETING EXPENSE,675.00,2/6/2025
"Christopher Glass Services, Inc",MAINTENANCE & REPAIRS,6910.36,2/11/2025
"HIRERIGHT SOLUTIONS, INC.",ADMINISTRATION & HR,33371.18,1/30/2025
ILLINOIS SECRETARY OF STATE,GENERAL EXPENSES,50.00,1/16/2025
"COMET MESSENGER SERVICE, INC.",CONTRACTUAL SERVICES,582.85,2/27/2025
HISPANIC/LATINO PROFESSIONALS ASSOCIATION,ADVERTISING & PROMOTION,4495.00,1/9/2025
MAURICE GURLEY,LEGAL COSTS,150.00,1/23/2025
AN EXECUTIVE DECISION,GENERAL EXPENSES,82.23,1/30/2025
"*THE BLUEPRINT SHOPPE, INC.",CONTRACTUAL SERVICES,1448.20,1/23/2025
*J.P. SIMONS & COMPANY,DIRECT PURCHASES,834.00,2/6/2025
HAROLD WILLIAMS,LEGAL COSTS,75.00,1/2/2025
"H-O-H-WATER TECHNOLOGY, INC.",MAINTENANCE & REPAIRS,300.00,2/26/2025
CITY OF CHICAGO-DEPT OF WATER,UTILITIES EXPENSE,63161.50,1/23/2025
GENUINE PARTS COMPANY (NAPA),GENERAL EXPENSES,1190.88,1/9/2025
CUMMINS INC.,MAINTENANCE & REPAIRS,778.77,1/16/2025
OCONNOR & BATTLE LLP,LEGAL COSTS,15409.00,2/13/2025
*RAE PRODUCTS AND CHEMICALS CORPORATION,DIRECT PURCHASES,708.83,1/9/2025
GENUINE PARTS COMPANY (NAPA),ADVERTISING & PROMOTION,7611.70,1/7/2025
JESSIKA JORDAN,CONTRACTUAL SERVICES,100.00,2/27/2025
COOK COUNTY SHERIFF DEPARTMENT,LEGAL COSTS,80.00,2/27/2025
"HERITAGE-CRYSTAL CLEAN, LLC",DIRECT PURCHASES,3806.40,1/2/2025
VIVIEN LU MD,ADMINISTRATION & HR,750.00,2/13/2025
STENSTROM PROTANIC LLC.,MAINTENANCE & REPAIRS,900.00,2/6/2025
METROPOLITAN FAMILY SERVICES,CONSULTING,11003.00,1/9/2025
"*ANCHOR STAFFING, INC.",GENERAL EXPENSES,4497.00,2/13/2025
COOK COUNTY SHERIFF DEPARTMENT,LEGAL COSTS,40.00,1/16/2025
*J.P. SIMONS & COMPANY,DIRECT PURCHASES,37797.67,1/23/2025
GENUINE PARTS COMPANY (NAPA),ADVERTISING & PROMOTION,3175.00,1/21/2025
"WISCO, INC.",MAINTENANCE & REPAIRS,2684.73,2/13/2025
1120 E 89TH STREET HOLDINGS,FACILITY RENTAL,77656.00,1/28/2025
GOLD COAST ORTHOPAEDIC AND SPINE SURGERY,ADMINISTRATION & HR,187.50,2/7/2025
NORTHERN ILLINOIS GAS,UTILITIES EXPENSE,12063.49,1/9/2025
ILLINOIS SECRETARY OF STATE,GENERAL EXPENSES,50.00,1/16/2025
GENUINE PARTS COMPANY (NAPA),ADVERTISING & PROMOTION,4136.00,1/16/2025
GENUINE PARTS COMPANY (NAPA),MAINTENANCE & REPAIRS,3488.92,1/7/2025
CITY OF CHICAGO DEPT.OF REVENUE-RED LIGHT,GENERAL EXPENSES,300.00,2/27/2025
Vincent R Williams & Associates P.C.,CONTRACTUAL SERVICES,6000.00,1/30/2025
FERRANDINO REPORTING,LEGAL COSTS,435.55,1/23/2025
"MID-AMERICA BUSINESS SYSTEMS & EQUPMENT, INC.",MAINTENANCE & REPAIRS,750.00,1/14/2025
SAMUEL J CHMELL,ADMINISTRATION & HR,1750.00,1/23/2025
PNC BANK,MAINTENANCE & REPAIRS,57.76,1/17/2025
"*NSN EMPLOYER SERVICES, INC.",CONTRACTUAL SERVICES,11115.00,2/4/2025
"CUBIC TRANSPORTATION SYSTEMS, INC.",CONTRACTUAL SERVICES,806373.77,2/4/2025
"*EVERLIGHTS, INC.",MAINTENANCE & REPAIRS,1500.00,2/6/2025
"WISCO, INC.",MAINTENANCE & REPAIRS,2636.31,1/16/2025
GENUINE PARTS COMPANY (NAPA),ADVERTISING & PROMOTION,11677.86,1/23/2025
POLISH DAILY NEWS,ADVERTISING & PROMOTION,450.00,1/16/2025
UIC OFFICE OF CAREER SVCS (M/C 099),GENERAL EXPENSES,250.00,1/23/2025
PLANET DEPOS LLC,GENERAL EXPENSES,1394.40,1/9/2025
"OER SERVICES, LLC",DIRECT PURCHASES,1411.42,1/23/2025
NACTO,GENERAL EXPENSES,16000.00,2/27/2025
PARESHKUMAR PATEL MD,ADMINISTRATION & HR,750.00,2/20/2025
PEOPLES GAS,UTILITIES EXPENSE,88989.83,1/16/2025
JOHNSON CONTROLS FIRE PROTECTION LP,MAINTENANCE & REPAIRS,13124.75,1/21/2025
"ALLIED WASTE TRANSPORTATION, INC. d/b/a REPUBLIC SERVICES OF CHICAGO",MAINTENANCE & REPAIRS,96741.75,1/16/2025
"THE MCS GROUP, INC.",ADMINISTRATION & HR,3634.37,1/30/2025
"*Supply Logistics & Procurement Services, LLC",MAINTENANCE & REPAIRS,1389.24,1/9/2025
"*ANDERSON & SHAH ROOFING, INC.",MAINTENANCE & REPAIRS,4464.68,2/27/2025
DINOS & YOUNG LLC,LEGAL COSTS,11609.68,2/27/2025
HIMANEE PATEL,ADMINISTRATION & HR,126.20,2/20/2025
"INSPE ASSOCIATES,LTD.",ADMINISTRATION & HR,900.00,2/20/2025
CITY OF CHICAGO-DFSS,CONTRACTUAL SERVICES,377968.57,1/2/2025
KAY LAAGDAN DPM,ADMINISTRATION & HR,500.00,2/6/2025
VILLAGE OF WILMETTE,UTILITIES EXPENSE,5651.99,2/13/2025
INTERNATIONAL TRANSPORTATION LEARNING CENTER,CONTRACTUAL SERVICES,20276.67,1/2/2025
INTERNATIONAL TRANSPORTATION LEARNING CENTER,CONTRACTUAL SERVICES,7645.00,1/16/2025
VILLAGE OF FOREST PARK (WATER ACCOUNT),UTILITIES EXPENSE,9313.92,2/27/2025
"MANSFIELD OIL COMPANY OF GAINESVILLE, INC.",FUEL EXPENSE,1855359.57,2/21/2025
"INSPE ASSOCIATES,LTD.",ADMINISTRATION & HR,4575.00,2/13/2025
"ATLAS FIRST ACCESS MATERIAL HANDLING, INC.",MAINTENANCE & REPAIRS,5299.07,2/11/2025
GENUINE PARTS COMPANY (NAPA),TRAVEL & MEETING EXPENSE,2133.42,1/14/2025
"IMPERIAL CRANE SERVICES, INC.",MAINTENANCE & REPAIRS,3720.00,1/16/2025
"GREENLINE ENVIRONMENTAL SOLUTIONS, LLC",MAINTENANCE & REPAIRS,53202.50,1/28/2025
M.J.T. Incorporated dba Ewert Inc.,DIRECT PURCHASES,475.20,2/13/2025
ENTERPRISE FLEET SERVICES,EQUIPMENT RENTAL,294733.95,2/4/2025
"MIDWEST ENVIRONMENTAL SALES CO., INC.",DIRECT PURCHASES,7295.70,2/27/2025
"LAW BULLETIN PUBLISHING CO, INC.",FINANCIAL & TREAS SVCS,10208.00,2/26/2025
MAGNA LEGAL SERVICES,LEGAL COSTS,41626.46,2/27/2025
Chicago Mahogany LLC,GENERAL EXPENSES,375.00,2/21/2025
"*MULTILINGUAL CONNECTIONS, LLC",CONTRACTUAL SERVICES,430.00,1/9/2025
"TRANSPRO CONSULTING, LLC",CONSULTING,9107.00,1/30/2025
"Chicago Fire Football Club, LLC",ADVERTISING & PROMOTION,90000.00,2/6/2025
Carahsoft Technology Corporation,GENERAL EXPENSES,12903.00,1/2/2025
CHICAGO POLICE DEPARTMENT,PURCHASE OF SECURITY SERVICES,2120089.04,2/4/2025
"DATA WEIGHING SYSTEMS, INC.",MAINTENANCE & REPAIRS,345.00,1/2/2025
JOHNSON CONTROLS FIRE PROTECTION LP,MAINTENANCE & REPAIRS,850.00,2/27/2025
"INSPE ASSOCIATES,LTD.",ADMINISTRATION & HR,13575.00,1/9/2025
"OER SERVICES, LLC",EQUIPMENT RENTAL,2537.14,1/16/2025
*Freddies Inc,CONTRACTUAL SERVICES,2358.82,1/2/2025
"ATLAS FIRST ACCESS MATERIAL HANDLING, INC.",MAINTENANCE & REPAIRS,9114.54,1/30/2025
CLAREMONT LLC,CONTRACTUAL SERVICES,2523.90,1/30/2025
"AUDACY ILLINOIS, LLC",ADVERTISING & PROMOTION,4950.00,1/16/2025
"CLEVER DEVICES, LTD",TECHNOLOGY SERVICES,914625.92,1/14/2025
"TEXTMARKS, INC.",CONTRACTUAL SERVICES,16427.01,1/30/2025
EL DIA NEWSPAPER,ADVERTISING & PROMOTION,517.50,1/16/2025
DINOS & YOUNG LLC,LEGAL COSTS,1086.00,2/6/2025
"MCCORKLE LITIGATION SERVICES, INC",LEGAL COSTS,311.25,2/6/2025
ILLINOIS SECRETARY OF STATE,GENERAL EXPENSES,50.00,1/16/2025
LATPRO INC,ADVERTISING & PROMOTION,12243.27,1/9/2025
AURIGA CORPORATION,CONSULTING,48950.61,1/16/2025
"NAC GROUP, INC.",MAINTENANCE & REPAIRS,878.37,1/16/2025
MAGNA LEGAL SERVICES,LEGAL COSTS,16668.30,1/30/2025
"LANER, MUCHIN, DOMBROW, BECKER,",LEGAL COSTS,744.00,2/4/2025
DINOS & YOUNG LLC,LEGAL COSTS,8141.53,2/13/2025
"Pest Management Services, Inc.",MAINTENANCE & REPAIRS,90.00,1/2/2025
REIFERS HOLMES & PETERS LLC,LEGAL COSTS,1131.00,2/27/2025
"*ALLPOINTS SECURITY AND DETECTIVE, INC.",PURCHASE OF SECURITY SERVICES,34094.29,1/2/2025
"*MULTILINGUAL CONNECTIONS, LLC",ADVERTISING & PROMOTION,45.00,1/23/2025
HAPPY HANDS CLEANING SERVICE LLC,MAINTENANCE & REPAIRS,1666.67,1/28/2025
REGENERATIVE PAIN & SPINE,ADMINISTRATION & HR,900.00,2/6/2025
SUBURBAN ORTHOPAEDICS LTD,ADMINISTRATION & HR,750.00,2/20/2025
"VERIZON WIRELESS, INC.",UTILITIES EXPENSE,225880.04,1/9/2025
Tribologik Corp,CONTRACTUAL SERVICES,10696.40,2/27/2025
BUILDERS CHICAGO CORPORATION,MAINTENANCE & REPAIRS,14300.00,1/9/2025
*J.P. SIMONS & COMPANY,DIRECT PURCHASES,69851.36,1/2/2025
"ROTHSCHILD, BARRY & MYERS LLP",LEGAL COSTS,442.50,1/30/2025
WALMART SUPERCENTER,ADVERTISING & PROMOTION,85.92,2/13/2025
FEDEX,GENERAL EXPENSES,115.40,1/16/2025
BUILDERS CHICAGO CORPORATION,MAINTENANCE & REPAIRS,775.00,1/7/2025
*Freddies Inc,CONTRACTUAL SERVICES,7786.00,1/9/2025
"T-MOBILE USA, INC.",UTILITIES EXPENSE,13960.00,2/13/2025
METROPOLITAN WATER RECLAMATION..,UTILITIES EXPENSE,16329.62,1/23/2025
BALOUGH LAW OFFICES LLC,LEGAL COSTS,6024.25,1/30/2025
ILLINOIS SECRETARY OF STATE,LEGAL COSTS,10.00,1/16/2025
*J.P. SIMONS & COMPANY,DIRECT PURCHASES,2255.50,2/13/2025
"CHICAGO SUN-TIMES, INCORPORATED dba Sun-Times Media Productions, LLC",GENERAL EXPENSES,105.00,1/16/2025
*TEQLOGICA CORPORATION,TECHNOLOGY SERVICES,15960.00,2/13/2025
PACER SERVICE CENTER,GENERAL EXPENSES,303.90,1/23/2025
"LUMINATOR TECHNOLOGY GROUP GLOBAL, LLC dba LUMINATOR TECHNOLOGY GROUP",MAINTENANCE & REPAIRS,26932.50,2/4/2025
"GIST ENTITIES, LLC DBA ARCPOINT LABS OF ORLAND PARK",ADMINISTRATION & HR,25010.00,2/4/2025
STENSTROM PROTANIC LLC.,MAINTENANCE & REPAIRS,9959.75,2/27/2025
"H-O-H-WATER TECHNOLOGY, INC.",MAINTENANCE & REPAIRS,300.00,2/12/2025
GENUINE PARTS COMPANY (NAPA),DIRECT PURCHASES,11891.21,1/14/2025
Carahsoft Technology Corporation,ADVERTISING & PROMOTION,17804.52,2/21/2025
"Pest Management Services, Inc.",MAINTENANCE & REPAIRS,315.00,1/16/2025
"STANTON MECHANICAL, INC.",MAINTENANCE & REPAIRS,2073.75,1/30/2025
AMERICAN PUBLIC TRANSPORTATION ASSOCIATION,TRAVEL & MEETING EXPENSE,839.00,1/16/2025
"CLEVER DEVICES, LTD",TECHNOLOGY SERVICES,457312.96,1/30/2025
BBM RAILWAY EQUIPMENT LLC,DIRECT PURCHASES,10523.91,2/13/2025
VOCAMOTIVE INC,CONTRACTUAL SERVICES,383.00,2/27/2025
JACKSON LEWIS PC,LEGAL COSTS,15804.50,2/11/2025
CDM SMITH INC.,CONTRACTUAL SERVICES,1488.38,1/9/2025
"QUANTUM CROSSINGS, LLC",FINANCIAL & TREAS SVCS,545575.52,1/14/2025
"KOPICO, INC.",DIRECT PURCHASES,5900.00,2/27/2025
AZZAM M ALKHUDARI MD,ADMINISTRATION & HR,1050.00,1/24/2025
JEFFERSON PARK 4829 LLC,FACILITY RENTAL,642.24,1/23/2025
EHC CANADA INC. d/b/a EHC GLOBAL,DIRECT PURCHASES,3790.00,1/23/2025
"H-O-H-WATER TECHNOLOGY, INC.",MAINTENANCE & REPAIRS,300.00,2/19/2025
TOWN OF CICERO,UTILITIES EXPENSE,1516.81,2/20/2025
JOHNSON CONTROLS FIRE PROTECTION LP,MAINTENANCE & REPAIRS,710.00,1/2/2025
"CHICAGO SUN-TIMES, INCORPORATED dba Sun-Times Media Productions, LLC",GENERAL EXPENSES,112.00,1/16/2025
EQUIFAX WORKFORCE SOLUTIONS LLC,CONTRACTUAL SERVICES,150.00,1/9/2025
CITY OF CHICAGO DEPT.OF REVENUE-RED LIGHT,GENERAL EXPENSES,905.00,1/2/2025
"JONES ENVIRONMENTAL CONTROL, INC.",MAINTENANCE & REPAIRS,23067.76,2/25/2025
"ZIPCAR, INC.",EQUIPMENT RENTAL,348.88,2/27/2025
MAGNA LEGAL SERVICES,LEGAL COSTS,3854.40,2/13/2025
"WAREHOUSE DIRECT, INC.",MAINTENANCE & REPAIRS,128.00,1/16/2025
AURIGA CORPORATION,CONSULTING,120702.46,2/6/2025
"LexisNexis, a division of RELX Inc.",CONTRACTUAL SERVICES,7223.83,2/27/2025
"HERITAGE-CRYSTAL CLEAN, LLC",DIRECT PURCHASES,3111.00,2/6/2025
"*DatamanUSA, LLC",TECHNOLOGY SERVICES,8473.00,2/20/2025
"ATLAS FIRST ACCESS MATERIAL HANDLING, INC.",MAINTENANCE & REPAIRS,770.64,1/23/2025
CONTINENTAL LANGUAGES LLC,CONTRACTUAL SERVICES,400.00,2/20/2025
NORTHERN ILLINOIS GAS,UTILITIES EXPENSE,2046.47,1/16/2025
HERC RENTALS INC.,EQUIPMENT RENTAL,5589.91,1/30/2025
UNIVERSITY OF WISCONSIN- MADISON,TRAVEL & MEETING EXPENSE,5180.00,2/6/2025
LAWERENCE NICKERSON,LEGAL COSTS,25.00,1/30/2025
SILVIANA LEMMON,LEGAL COSTS,25.00,1/16/2025
CITY OF CHICAGO POLICE DEPT,LEGAL COSTS,25.00,1/9/2025
UNIVERSITY OF ILLINOIS AT CHICAGO,ADVERTISING & PROMOTION,450.00,2/7/2025
TRADEBE TREATMENT & RECYCLING LLC,MAINTENANCE & REPAIRS,1546.52,1/2/2025
*SOUTH SUBURBAN PEST CONTROL,MAINTENANCE & REPAIRS,7275.00,1/14/2025
FEDEX,GENERAL EXPENSES,92.01,1/9/2025
"MANSFIELD OIL COMPANY OF GAINESVILLE, INC.",FUEL EXPENSE,857957.20,2/4/2025
PNC BANK,ADVERTISING & PROMOTION,1798.58,1/17/2025
*TEQLOGICA CORPORATION,TECHNOLOGY SERVICES,30475.00,2/21/2025
JASON MAGNANI M.D.,ADMINISTRATION & HR,750.00,1/23/2025
"*ALLPOINTS SECURITY AND DETECTIVE, INC.",PURCHASE OF SECURITY SERVICES,69697.54,1/30/2025
EVANSTON POLICE DEPARTMENT/CITY OF EVANSTON,PURCHASE OF SECURITY SERVICES,18299.04,2/6/2025
"STANTON MECHANICAL, INC.",MAINTENANCE & REPAIRS,120069.95,1/16/2025
SERVICE SANITATION INC,MAINTENANCE & REPAIRS,1257.00,2/27/2025
"West Publishing Corporation d/b/a Thomson Reuters - West or West, a Thomson Reuters Business or Thomson West or West Group",GENERAL EXPENSES,1438.27,1/30/2025
"*ANCHOR STAFFING, INC.",GENERAL EXPENSES,3375.70,1/30/2025
"LANER, MUCHIN, DOMBROW, BECKER,",LEGAL COSTS,408.00,2/11/2025
COMMONWEALTH EDISON.,UTILITIES EXPENSE,23544.59,2/13/2025
BUILDERS CHICAGO CORPORATION,MAINTENANCE & REPAIRS,700.00,2/21/2025
TOWN OF CICERO,UTILITIES EXPENSE,4465.25,1/23/2025
"OER SERVICES, LLC",EQUIPMENT RENTAL,10812.18,1/9/2025
"WISCO, INC.",MAINTENANCE & REPAIRS,2071.50,2/11/2025
"Pest Management Services, Inc.",MAINTENANCE & REPAIRS,225.00,2/6/2025
FOX VALLEY FIRE & SAFETY COMPANY,MAINTENANCE & REPAIRS,61040.00,2/25/2025
"OCCUPATIONAL HEALTH CENTERS OF ILLINOIS, P.C.",ADMINISTRATION & HR,53711.50,1/30/2025
"CBG MIDWEST, LLC DBA AMERICAN BUILDING SERVICES",DIRECT PURCHASES,5167.53,1/16/2025
CITY OF CHICAGO-DEPT OF WATER,UTILITIES EXPENSE,5448.52,1/30/2025
KOPKA PINKUS & DOLIN PC,LEGAL COSTS,10275.42,2/6/2025
*TEQLOGICA CORPORATION,TECHNOLOGY SERVICES,48020.00,1/7/2025
OPTUM 360,GENERAL EXPENSES,123.26,1/23/2025
*Freddies Inc,CONTRACTUAL SERVICES,667.49,2/6/2025
COMPUTER AID INC,TECHNOLOGY SERVICES,928446.70,2/6/2025
JOHNSON CONTROLS FIRE PROTECTION LP,MAINTENANCE & REPAIRS,4978.27,2/6/2025
"*MULTILINGUAL CONNECTIONS, LLC",CONTRACTUAL SERVICES,151.14,1/14/2025
ROYAL REPORTING SERVICES,LEGAL COSTS,215.00,2/20/2025
AMERICAN TOWERS LLC,EQUIPMENT RENTAL,10265.96,2/6/2025
"*CHICAGO JACK SERVICE, INC.",MAINTENANCE & REPAIRS,440.25,2/21/2025
VILLAGE OF RIVER GROVE,UTILITIES EXPENSE,197.81,2/13/2025
ALSCO Inc.,GENERAL EXPENSES,173.25,1/23/2025
ALSCO Inc.,GENERAL EXPENSES,267.30,2/6/2025
"HERITAGE-CRYSTAL CLEAN, LLC",DIRECT PURCHASES,8564.40,2/13/2025
HILTON LONG BEACH,TRAVEL & MEETING EXPENSE,937.69,1/16/2025
CDM SMITH INC.,CONTRACTUAL SERVICES,1047.38,1/7/2025
AMALGAMATED BANK OF CHICAGO,FINANCIAL & TREAS SVCS,921.62,2/4/2025
CUMMINS INC.,MAINTENANCE & REPAIRS,916.20,1/14/2025
SCHINDLER ELEVATOR CORP.,MAINTENANCE & REPAIRS,5310.80,2/6/2025
PEOPLES GAS,UTILITIES EXPENSE,133533.76,1/23/2025
IAP CONSTRUCTION INC.,MAINTENANCE & REPAIRS,14696.63,1/2/2025
"DELIVRA, INC",TECHNOLOGY SERVICES,1041.00,2/21/2025
XEROX CORPORATION /XEROX CTR,MAINTENANCE & REPAIRS,10469.24,1/16/2025
SAM'S CLUB,ADVERTISING & PROMOTION,40.98,1/23/2025
"INSPE ASSOCIATES,LTD.",ADMINISTRATION & HR,3750.00,2/27/2025
PEOPLES GAS,UTILITIES EXPENSE,47985.56,2/13/2025
Carahsoft Technology Corporation,ADVERTISING & PROMOTION,17804.52,1/14/2025
NATIONAL FIRE PROTECTION ASSOC.,GENERAL EXPENSES,1014.29,2/6/2025
ILLINOIS SECRETARY OF STATE,GENERAL EXPENSES,36.00,2/6/2025
HIRE360,CONSULTING,500.00,2/21/2025
"*ACTION K-9 SECURITY, INC.",PURCHASE OF SECURITY SERVICES,1246387.34,2/13/2025
Michael Best Strategies,CONTRACTUAL SERVICES,6000.00,1/9/2025
"ABILITY BEYOND DISABILITY, INC.",ADVERTISING & PROMOTION,16000.00,1/9/2025
"DQS, INC",CONTRACTUAL SERVICES,5275.00,1/9/2025
JOHN SHEBELSKI,CONTRACTUAL SERVICES,7680.00,1/16/2025
"MID-AMERICA BUSINESS SYSTEMS & EQUPMENT, INC.",MAINTENANCE & REPAIRS,17464.05,1/16/2025
BRE RIVER NORTH POINT OWNER LLC,FACILITY RENTAL,817.60,1/28/2025
NURSE VALUE INC,LEGAL COSTS,155.00,2/27/2025
ILLINOIS SECRETARY OF STATE,GENERAL EXPENSES,50.00,1/16/2025
"ATLAS FIRST ACCESS MATERIAL HANDLING, INC.",MAINTENANCE & REPAIRS,2799.71,1/9/2025
"INSPE ASSOCIATES,LTD.",ADMINISTRATION & HR,6870.00,2/20/2025
LATHROP GAGE LLP,LEGAL COSTS,305.00,1/2/2025
"CHICAGO SUN-TIMES, INCORPORATED dba Sun-Times Media Productions, LLC",GENERAL EXPENSES,154.00,1/16/2025
MAGNA LEGAL SERVICES,LEGAL COSTS,365.75,2/27/2025
"THE MCS GROUP, INC.",ADMINISTRATION & HR,3483.14,1/2/2025
FEDEX,GENERAL EXPENSES,312.59,1/23/2025
PNC BANK,TRAVEL & MEETING EXPENSE,2838.21,1/17/2025
"THE MCS GROUP, INC.",ADMINISTRATION & HR,6418.57,2/27/2025
"GREENLINE ENVIRONMENTAL SOLUTIONS, LLC",MAINTENANCE & REPAIRS,3772.50,1/7/2025
"INTER-CON SECURITY SYSTEMS, INC",PURCHASE OF SECURITY SERVICES,757010.57,1/23/2025
TOMPKINS PRINTING EQUIPMENT CO.,MAINTENANCE & REPAIRS,15638.00,1/9/2025
GOLD COAST ORTHOPAEDIC AND SPINE SURGERY,ADMINISTRATION & HR,187.50,2/7/2025
"COLONIAL OIL INDUSTRIES, INC.",DIRECT PURCHASES,103080.26,2/21/2025
METROPOLITAN FAMILY SERVICES,CONSULTING,6503.00,2/6/2025
ILLINOIS SECRETARY OF STATE,GENERAL EXPENSES,50.00,1/16/2025
TAXMAN POLLOCK MURRAY & BEKKERMAN LLC,GENERAL EXPENSES,2086.11,2/20/2025
"COMET MESSENGER SERVICE, INC.",GENERAL EXPENSES,69.17,2/13/2025
"OER SERVICES, LLC",EQUIPMENT RENTAL,10222.21,2/27/2025
EVANSTON POLICE DEPARTMENT/CITY OF EVANSTON,PURCHASE OF SECURITY SERVICES,20375.00,2/6/2025
NSH USA CORPORATION,DIRECT PURCHASES,680.00,2/13/2025
"OER SERVICES, LLC",EQUIPMENT RENTAL,760.00,2/13/2025
"*TONERVISION, INC.",MAINTENANCE & REPAIRS,748.00,2/21/2025
CUMMINS INC.,MAINTENANCE & REPAIRS,916.20,2/27/2025
AURIGA CORPORATION,CONSULTING,129256.86,2/27/2025
"TEXTMARKS, INC.",CONTRACTUAL SERVICES,33739.30,1/2/2025
BEVERLY & PAUSE,LEGAL COSTS,22012.00,2/13/2025
ILLINOIS ENVIRONMENTAL PROTECTION AGENCY,CONTRACTUAL SERVICES,1410.00,2/6/2025
BEDFORD PARK POLICE DEPARTMENT,GENERAL EXPENSES,100.00,1/30/2025
"STANTON MECHANICAL, INC.",MAINTENANCE & REPAIRS,3038.00,1/23/2025
"AT&T ENTERPRISES, LLC",UTILITIES EXPENSE,7385.70,1/30/2025
Carahsoft Technology Corporation,TECHNOLOGY SERVICES,239812.00,2/13/2025
COOK COUNTY SHERIFF DEPARTMENT,MAINTENANCE & REPAIRS,38343.94,1/30/2025
EQUIFAX WORKFORCE SOLUTIONS LLC,CONTRACTUAL SERVICES,150.00,2/27/2025
CUMMINS INC.,MAINTENANCE & REPAIRS,3160.89,1/28/2025
"MANSFIELD OIL COMPANY OF GAINESVILLE, INC.",FUEL EXPENSE,116239.73,2/27/2025
SCHINDLER ELEVATOR CORP.,DIRECT PURCHASES,10443.00,2/6/2025
"GAS TRAVEL & BUS. SERVICES, LLC",CONSULTING,385.00,1/7/2025
MARK R HUTCHINSON MD,ADMINISTRATION & HR,700.00,1/16/2025
*Freddies Inc,GENERAL EXPENSES,357.94,1/2/2025
"INTER-CON SECURITY SYSTEMS, INC",PURCHASE OF SECURITY SERVICES,1528543.48,1/28/2025
GENUINE PARTS COMPANY (NAPA),ADVERTISING & PROMOTION,996.90,1/9/2025
"*FIRECO, INC.",MAINTENANCE & REPAIRS,2271.53,2/27/2025
HERC RENTALS INC.,CONTRACTUAL SERVICES,1642.00,1/2/2025
"GENERAL COMMUNICATIONS, INC",MAINTENANCE & REPAIRS,33300.00,1/16/2025
TRADEBE TREATMENT & RECYCLING LLC,MAINTENANCE & REPAIRS,660.00,1/23/2025
CHICAGO POLICE DEPARTMENT,PURCHASE OF SECURITY SERVICES,2515392.03,1/16/2025
GENUINE PARTS COMPANY (NAPA),DIRECT PURCHASES,62167.14,2/21/2025
"OER SERVICES, LLC",EQUIPMENT RENTAL,85043.00,1/7/2025
ARC IMAGING RESOURCES,MAINTENANCE & REPAIRS,120.32,1/16/2025
Carahsoft Technology Corporation,MAINTENANCE & REPAIRS,14351.38,1/30/2025
JOHNSON CONTROLS FIRE PROTECTION LP,MAINTENANCE & REPAIRS,2430.00,1/16/2025
"STANTON MECHANICAL, INC.",MAINTENANCE & REPAIRS,12397.00,1/14/2025
"JONES LANG LaSALLE, INCORPORATED",CONSULTING,90736.22,1/30/2025
M.J.T. Incorporated dba Ewert Inc.,DIRECT PURCHASES,12550.40,1/9/2025
ALSCO Inc.,GENERAL EXPENSES,34.65,1/2/2025
"INTER-CON SECURITY SYSTEMS, INC",PURCHASE OF SECURITY SERVICES,244767.99,2/11/2025
FOX VALLEY FIRE & SAFETY COMPANY,MAINTENANCE & REPAIRS,63084.00,1/2/2025
*Kambrian Corporation,TRAVEL & MEETING EXPENSE,252.57,2/25/2025
GENUINE PARTS COMPANY (NAPA),GENERAL EXPENSES,11716.49,1/7/2025
HACIA,GENERAL EXPENSES,2500.00,2/27/2025
GENUINE PARTS COMPANY (NAPA),MAINTENANCE & REPAIRS,1975.00,2/27/2025
SERVICE SANITATION INC,MAINTENANCE & REPAIRS,20620.00,1/30/2025
CITY OF CHICAGO-DEPT OF WATER,UTILITIES EXPENSE,1589.50,2/13/2025
"ALLIED WASTE TRANSPORTATION, INC. d/b/a REPUBLIC SERVICES OF CHICAGO",MAINTENANCE & REPAIRS,106503.57,1/30/2025
"THE MCS GROUP, INC.",ADMINISTRATION & HR,3062.02,2/27/2025
"*ANDERSON & SHAH ROOFING, INC.",MAINTENANCE & REPAIRS,6819.80,1/7/2025
DAVIS BANCORP,FINANCIAL & TREAS SVCS,140595.01,1/30/2025
JASCULCA TERMAN STRATEGIC COMMUNICATIONS,CONSULTING,9356.25,1/16/2025
GENUINE PARTS COMPANY (NAPA),TRAVEL & MEETING EXPENSE,17550.95,2/6/2025
"LAW BULLETIN PUBLISHING CO, INC.",FINANCIAL & TREAS SVCS,10208.00,1/29/2025
*FALK ASSOCIATES,CONTRACTUAL SERVICES,1516.34,1/14/2025
ILLINOIS MINORITY BUSINESS DEVELOPMENT AGENCY,ADVERTISING & PROMOTION,500.00,2/6/2025
"COMET MESSENGER SERVICE, INC.",CONTRACTUAL SERVICES,30.68,1/9/2025
STAPLES ADVANTAGE,DIRECT PURCHASES,38212.98,2/27/2025
CITY OF CHICAGO-DEPT OF FLEET AND FACILITY  MGMT,DIRECT PURCHASES,15964.43,1/16/2025
DUPAGE MEDICAL GROUP,ADMINISTRATION & HR,187.50,1/16/2025
"AT&T ENTERPRISES, LLC",UTILITIES EXPENSE,7385.70,1/2/2025
GENUINE PARTS COMPANY (NAPA),MAINTENANCE & REPAIRS,53.83,2/25/2025
"GUARDIAN INDUSTRIAL SUPPLY, LLC",DIRECT PURCHASES,376.70,2/13/2025
GENUINE PARTS COMPANY (NAPA),GENERAL EXPENSES,3991.99,2/21/2025
"THOMPSON COBURN, LLC",LEGAL COSTS,73944.00,2/11/2025
"New Chicago Rush Currency Exchange, Inc.",GENERAL EXPENSES,564.89,2/13/2025
"RAILROAD MANAGEMENT COMPANY III, LLC",EQUIPMENT RENTAL,417.05,1/30/2025
Carahsoft Technology Corporation,CONTRACTUAL SERVICES,39859.60,2/21/2025
EHC CANADA INC. d/b/a EHC GLOBAL,DIRECT PURCHASES,3237.50,1/9/2025
PLANET DEPOS LLC,GENERAL EXPENSES,3668.30,1/30/2025
G & O THERMAL SUPPLY COMPANY,DIRECT PURCHASES,180.00,1/29/2025
JOHNSON CONTROLS FIRE PROTECTION LP,MAINTENANCE & REPAIRS,75730.30,1/9/2025
GENUINE PARTS COMPANY (NAPA),TRAVEL & MEETING EXPENSE,26210.94,1/28/2025
PRIMUS ORTHOPEDICS S.C,ADMINISTRATION & HR,750.00,1/23/2025
"*MULTILINGUAL CONNECTIONS, LLC",CONTRACTUAL SERVICES,180.00,2/21/2025
DAVIS BANCORP,PURCHASE OF SECURITY SERVICES,66188.96,1/2/2025
HILTON LONG BEACH,TRAVEL & MEETING EXPENSE,937.69,1/16/2025
"*DIGBY'S DETECTIVE & SECURITY AGENCY, INC.",PURCHASE OF SECURITY SERVICES,326241.50,2/11/2025
"*TRC SERVICES, INC.",CONTRACTUAL SERVICES,4572.86,1/2/2025
TOWN OF CICERO,UTILITIES EXPENSE,1308.24,1/16/2025
"WISCO, INC.",DIRECT PURCHASES,357.42,2/27/2025
HOLLAND & KNIGHT LLP,LEGAL COSTS,36821.10,2/27/2025
"ALERE TOXICOLOGY SERVICES, INC.",ADMINISTRATION & HR,12262.85,1/30/2025
"JONES LANG LaSALLE, INCORPORATED",MAINTENANCE & REPAIRS,439981.85,1/14/2025
"HEATTEK, INC.",DIRECT PURCHASES,1581.35,1/9/2025
ZULKIE PARTNERS LLC,LEGAL COSTS,8300.00,2/11/2025
CPS PARKING,CONTRACTUAL SERVICES,5000.00,1/30/2025
AN EXECUTIVE DECISION,GENERAL EXPENSES,136.20,1/30/2025
LATISE JONES,LEGAL COSTS,75.00,1/16/2025
*Freddies Inc,GENERAL EXPENSES,2244.80,2/20/2025
DEPAUL UNIVERSITY,GENERAL EXPENSES,175.00,1/23/2025
ILLINOIS SECRETARY OF STATE,GENERAL EXPENSES,50.00,1/16/2025
ILLINOIS SECRETARY OF STATE,GENERAL EXPENSES,50.00,1/16/2025
The Chicago Mosaic School,CONTRACTUAL SERVICES,32287.50,2/27/2025
ROSEMONT PUBLIC WORKS,UTILITIES EXPENSE,19.23,1/16/2025
"LUMINATOR TECHNOLOGY GROUP GLOBAL, LLC dba LUMINATOR TECHNOLOGY GROUP",FINANCIAL & TREAS SVCS,108863.01,1/23/2025
"SVANACO, INC.",TECHNOLOGY SERVICES,37375.00,1/30/2025
Carahsoft Technology Corporation,GENERAL EXPENSES,20229.08,2/27/2025
CK REPORTING,LEGAL COSTS,763.85,2/20/2025
"H-O-H-WATER TECHNOLOGY, INC.",MAINTENANCE & REPAIRS,300.00,1/29/2025
ILLINOIS SECRETARY OF STATE,LEGAL COSTS,5.00,2/27/2025
"*MULTILINGUAL CONNECTIONS, LLC",CONTRACTUAL SERVICES,430.00,2/13/2025
"COMET MESSENGER SERVICE, INC.",CONTRACTUAL SERVICES,63.98,1/23/2025
IAP CONSTRUCTION INC.,MAINTENANCE & REPAIRS,2763.00,2/6/2025
GOLD COAST ORTHOPAEDIC AND SPINE SURGERY,ADMINISTRATION & HR,750.00,2/7/2025
ILLINOIS SECRETARY OF STATE,GENERAL EXPENSES,50.00,1/16/2025
"CANON BUSINESS SOLUTIONS, INC.",MAINTENANCE & REPAIRS,8266.96,2/13/2025
ROSEMONT PUBLIC WORKS,UTILITIES EXPENSE,19.23,2/13/2025
"*ATLAS & ASSOCIATES, INC.",MAINTENANCE & REPAIRS,39627.00,2/4/2025
"COMET MESSENGER SERVICE, INC.",CONTRACTUAL SERVICES,408.21,1/16/2025
PACE SUBURBAN BUS SERVICE,DIRECT PURCHASES,5402.00,2/6/2025
"HITACHI RAIL STS USA, INC.",DIRECT PURCHASES,1014.44,1/30/2025
ILLINOIS SECRETARY OF STATE,GENERAL EXPENSES,50.00,1/16/2025
SUBURBAN ORTHOPAEDICS LTD,ADMINISTRATION & HR,750.00,2/6/2025
LESTER & ROSALIE ANIXTER CENTER,GENERAL EXPENSES,800.00,2/6/2025
"ADR SYSTEMS OF AMERICA, LLC",CONTRACTUAL SERVICES,2545.00,2/20/2025
G.A.G. INDUSTRIES CORP.,MAINTENANCE & REPAIRS,63013.56,1/14/2025
"MONTERREY SECURITY CONSULTANT, INC.",PURCHASE OF SECURITY SERVICES,471760.58,1/28/2025
LORCHEM TECHNOLOGIES INC,MAINTENANCE & REPAIRS,3491.56,2/27/2025
ILLINOIS ENVIRONMENTAL PROTECTION AGENCY,CONTRACTUAL SERVICES,1445.00,2/13/2025
"AT&T ENTERPRISES, LLC",UTILITIES EXPENSE,169725.20,2/13/2025
HAMPTON INN BY HILTON,TRAVEL & MEETING EXPENSE,1694.59,2/27/2025
ILLINOIS SECRETARY OF STATE,GENERAL EXPENSES,50.00,1/16/2025
STENSTROM PROTANIC LLC.,MAINTENANCE & REPAIRS,25189.08,2/21/2025
"*ATLAS & ASSOCIATES, INC.",MAINTENANCE & REPAIRS,27836.29,2/27/2025
"T-MOBILE USA, INC.",UTILITIES EXPENSE,65837.68,1/2/2025
JACKSON LEWIS PC,LEGAL COSTS,9853.00,1/28/2025
AMANDA WILLIAMS,CONTRACTUAL SERVICES,100000.00,1/30/2025
1120 E 89TH STREET HOLDINGS,FACILITY RENTAL,38828.00,2/27/2025
"COMET MESSENGER SERVICE, INC.",CONTRACTUAL SERVICES,473.59,2/20/2025
COOK COUNTY SHERIFF DEPARTMENT,MAINTENANCE & REPAIRS,34339.72,1/30/2025
RONALD LIANG,LEGAL COSTS,25.00,1/9/2025
MARK R HUTCHINSON MD,ADMINISTRATION & HR,350.00,1/9/2025
MANITOWOC COUNTY CIRCUIT COURT,LEGAL COSTS,7.50,2/20/2025
MICROTRAIN,TRAVEL & MEETING EXPENSE,1900.00,2/20/2025
ASSOCIATION FOR TALENT DEVELOPMENT,TRAVEL & MEETING EXPENSE,5790.00,2/20/2025
CPS PARKING,CONTRACTUAL SERVICES,5000.00,1/16/2025
HAMPTON INN BY HILTON,TRAVEL & MEETING EXPENSE,1258.04,2/27/2025
GENUINE PARTS COMPANY (NAPA),CONTRACTUAL SERVICES,104.58,1/9/2025
CITY OF EVANSTON,UTILITIES EXPENSE,1026.63,1/23/2025
KENNETH JOSEPH,LEGAL COSTS,75.00,1/2/2025
"ATLAS FIRST ACCESS MATERIAL HANDLING, INC.",MAINTENANCE & REPAIRS,396.19,2/25/2025
*J.P. SIMONS & COMPANY,DIRECT PURCHASES,3877.24,1/16/2025
CLAREMONT LLC,CONTRACTUAL SERVICES,185.00,1/14/2025
COOK COUNTY SHERIFF DEPARTMENT,MAINTENANCE & REPAIRS,37104.25,2/27/2025
COZEN O'CONNOR PUBLIC STRATEGIES,CONTRACTUAL SERVICES,20000.00,1/9/2025
"DOVE EQUIPMENT CO., INC.",MAINTENANCE & REPAIRS,7650.00,1/23/2025
"LexisNexis, a division of RELX Inc.",CONTRACTUAL SERVICES,14447.66,1/30/2025
PEOPLES GAS,UTILITIES EXPENSE,154466.32,2/6/2025
"HEYL, ROYSTER, VOELKER & ALLEN P.C.",LEGAL COSTS,157.50,2/27/2025
"Christopher Glass Services, Inc",MAINTENANCE & REPAIRS,1961.00,1/28/2025
NATIONAL NOTARY ASSOCIATION,TRAVEL & MEETING EXPENSE,276.68,1/30/2025
MURRAY & TRETTEL INC,GENERAL EXPENSES,554.17,2/27/2025
COOK COUNTY SHERIFF DEPARTMENT,MAINTENANCE & REPAIRS,31952.54,1/16/2025
"*RLS & Associates, Inc",CONSULTING,8681.81,1/30/2025
ALSCO Inc.,GENERAL EXPENSES,33.00,1/16/2025
"AUDACY ILLINOIS, LLC",ADVERTISING & PROMOTION,19950.00,1/30/2025
MIDWEST EYE CENTER S.C.,ADMINISTRATION & HR,650.00,2/6/2025
CITY OF CHICAGO DEPT.OF REVENUE-RED LIGHT,GENERAL EXPENSES,945.00,1/30/2025
"*CHICAGO JACK SERVICE, INC.",MAINTENANCE & REPAIRS,505.98,2/25/2025
"WISCO, INC.",DIRECT PURCHASES,123.60,2/13/2025
"*ACTION K-9 SECURITY, INC.",PURCHASE OF SECURITY SERVICES,2486873.20,2/28/2025
"HIRERIGHT SOLUTIONS, INC.",ADMINISTRATION & HR,9478.75,1/9/2025
"*FIRECO, INC.",MAINTENANCE & REPAIRS,6835.00,1/2/2025
CUMMINS INC.,MAINTENANCE & REPAIRS,305.40,2/13/2025
COMMONWEALTH EDISON.,UTILITIES EXPENSE,683517.22,2/27/2025
PROCESS ELECTRONICS CORP,DIRECT PURCHASES,2588.26,2/6/2025
Interior Investments LLC DBA Continua Interiors,MAINTENANCE & REPAIRS,5024.55,1/30/2025
GENUINE PARTS COMPANY (NAPA),ADVERTISING & PROMOTION,5449.26,1/14/2025
EASTERN ENGINEERING SUPPLY. INC.,MAINTENANCE & REPAIRS,3200.00,1/23/2025
JOHN A. DASH & ASSOCIATES,CONTRACTUAL SERVICES,360.00,2/20/2025
COMMONWEALTH EDISON.,UTILITIES EXPENSE,1273.66,1/21/2025
VILLAGE OF RIVER GROVE,UTILITIES EXPENSE,215.93,1/16/2025
BENJAMIN BRUCE M.D.,ADMINISTRATION & HR,750.00,2/27/2025
"Christopher Glass Services, Inc",MAINTENANCE & REPAIRS,6681.36,1/9/2025
"ATLAS FIRST ACCESS MATERIAL HANDLING, INC.",MAINTENANCE & REPAIRS,1784.78,1/7/2025
*J.P. SIMONS & COMPANY,DIRECT PURCHASES,54338.46,2/27/2025
FLUKE ELECTRONICS CORPORATION,DIRECT PURCHASES,17400.00,1/30/2025
TRADEBE TREATMENT & RECYCLING LLC,MAINTENANCE & REPAIRS,11575.62,1/9/2025
MAGNA LEGAL SERVICES,LEGAL COSTS,2120.80,1/2/2025
GENUINE PARTS COMPANY (NAPA),DIRECT PURCHASES,26348.04,2/25/2025
"*ALLPOINTS SECURITY AND DETECTIVE, INC.",PURCHASE OF SECURITY SERVICES,34754.27,2/13/2025
"INTERSTATE POWER SYSTEMS, INC.",MAINTENANCE & REPAIRS,640.00,1/9/2025
SIEVERT ELECTRIC SERVICE & SALES,MAINTENANCE & REPAIRS,2250.00,2/20/2025
"MANSFIELD OIL COMPANY OF GAINESVILLE, INC.",FUEL EXPENSE,536413.93,2/25/2025
"*SILK SCREEN EXPRESS, INC..",TRAVEL & MEETING EXPENSE,724.00,2/27/2025
"JONES LANG LaSALLE, INCORPORATED",MAINTENANCE & REPAIRS,275723.11,1/30/2025
AMERICAN PUBLIC TRANSPORTATION ASSOCIATION,TRAVEL & MEETING EXPENSE,4150.00,2/21/2025
COMMONWEALTH EDISON.,UTILITIES EXPENSE,10158.90,2/6/2025
"VERITEXT, LLC",LEGAL COSTS,317.30,1/30/2025
STEPHEN KING,CONTRACTUAL SERVICES,500.00,2/6/2025
AMERICAN PUBLIC TRANSPORTATION ASSOCIATION,TRAVEL & MEETING EXPENSE,839.00,1/14/2025
"*DIGBY'S DETECTIVE & SECURITY AGENCY, INC.",PURCHASE OF SECURITY SERVICES,217433.13,1/28/2025
"HEYL, ROYSTER, VOELKER & ALLEN P.C.",LEGAL COSTS,626.50,1/30/2025
"*MULTILINGUAL CONNECTIONS, LLC",ADVERTISING & PROMOTION,256.80,1/7/2025
GENUINE PARTS COMPANY (NAPA),DIRECT PURCHASES,433138.57,1/7/2025
CITY OF CHICAGO DEPT.OF REVENUE-RED LIGHT,GENERAL EXPENSES,1305.00,2/6/2025
Tribologik Corp,CONTRACTUAL SERVICES,8270.80,1/30/2025
G.A.G. INDUSTRIES CORP.,MAINTENANCE & REPAIRS,65097.14,2/27/2025
LEXITAS,LEGAL COSTS,276.95,1/2/2025
"*TRC SERVICES, INC.",MAINTENANCE & REPAIRS,9000.00,2/27/2025
BUILDERS CHICAGO CORPORATION,MAINTENANCE & REPAIRS,214.50,1/2/2025
SALVATORE PRESCOTT & PORTER PLLC,LEGAL COSTS,501.50,1/30/2025
MERMEC Inc.,CONTRACTUAL SERVICES,74157.54,1/2/2025
NORTHERN ILLINOIS GAS,UTILITIES EXPENSE,17895.60,1/23/2025
NATASHA SINGH MD,ADMINISTRATION & HR,400.00,2/13/2025
BRE RIVER NORTH POINT OWNER LLC,FACILITY RENTAL,817.60,2/27/2025
KONE SPARES,DIRECT PURCHASES,9.30,2/11/2025
AMERICAN CONTRACT COMPLIANCE ASSOC.,GENERAL EXPENSES,3450.00,1/9/2025
NURSE VALUE INC,ADMINISTRATION & HR,1050.00,1/9/2025
"CEMBRE, INC",MAINTENANCE & REPAIRS,1095.05,2/25/2025
KONE SPARES,DIRECT PURCHASES,2272.28,2/6/2025
CUMMINS INC.,MAINTENANCE & REPAIRS,2489.01,2/6/2025
"*SILK SCREEN EXPRESS, INC..",DIRECT PURCHASES,112.00,2/21/2025
"CUBIC TRANSPORTATION SYSTEMS, INC.",DIRECT PURCHASES,69602.50,2/13/2025
"CANON BUSINESS SOLUTIONS, INC.",MAINTENANCE & REPAIRS,9759.51,1/16/2025
"JONES ENVIRONMENTAL CONTROL, INC.",MAINTENANCE & REPAIRS,22373.05,1/2/2025
"ROTHSCHILD, BARRY & MYERS LLP",LEGAL COSTS,22027.00,2/13/2025
HIRE360,CONSULTING,3397.00,2/11/2025
"GARDA CL GREAT LAKES, INC.",FINANCIAL & TREAS SVCS,6181.68,2/21/2025
"*EVERLIGHTS, INC.",MAINTENANCE & REPAIRS,670.00,1/9/2025
Carahsoft Technology Corporation,TECHNOLOGY SERVICES,90010.76,1/21/2025
"WILLIAMS SCOTSMAN, INC. DBA WILLSCOT",MAINTENANCE & REPAIRS,330.00,2/20/2025
HAMPTON INN BY HILTON,TRAVEL & MEETING EXPENSE,1258.04,2/27/2025
"MID-AMERICA BUSINESS SYSTEMS & EQUPMENT, INC.",MAINTENANCE & REPAIRS,2700.00,2/6/2025
"MYTHICS, INC.",TECHNOLOGY SERVICES,583996.62,1/30/2025
"ULINE, INC.",DIRECT PURCHASES,126.00,2/4/2025
TAFT STETTINIUS & HOLLISTER LLP,LEGAL COSTS,12652.64,1/30/2025
SERVICE SANITATION INC,MAINTENANCE & REPAIRS,1282.00,2/11/2025
ADENA JONES,LEGAL COSTS,75.00,2/20/2025
"GARDA CL GREAT LAKES, INC.",FINANCIAL & TREAS SVCS,6897.39,1/30/2025
"*ANDERSON & SHAH ROOFING, INC.",MAINTENANCE & REPAIRS,920.00,1/2/2025
COMMONWEALTH EDISON.,UTILITIES EXPENSE,12821.84,1/23/2025
CLERK OF THE CIRCUIT COURT OF COOK COUNTY,LEGAL COSTS,42.00,1/23/2025
TRADEBE TREATMENT & RECYCLING LLC,MAINTENANCE & REPAIRS,6964.15,2/27/2025
"T-MOBILE USA, INC.",UTILITIES EXPENSE,65555.21,1/30/2025
MICHAEL BEST & FRIEDRICH-CHGO,LEGAL COSTS,28530.33,2/27/2025
ILLINOIS SECRETARY OF STATE,GENERAL EXPENSES,270.00,1/16/2025
AMERICAN PUBLIC TRANSPORTATION ASSOCIATION,TRAVEL & MEETING EXPENSE,550.00,2/21/2025
ACCOUNTEMPS/DIV. ROBERT HALF,GENERAL EXPENSES,1875.00,1/14/2025
"*ZANN & Associates, Inc.",CONSULTING,51081.25,2/27/2025
Wensco,ADVERTISING & PROMOTION,598.00,2/27/2025
JASCULCA TERMAN STRATEGIC COMMUNICATIONS,CONSULTING,5387.50,2/6/2025
Carahsoft Technology Corporation,TECHNOLOGY SERVICES,67273.87,1/30/2025
"*Supply Logistics & Procurement Services, LLC",DIRECT PURCHASES,1077.59,2/27/2025
TOMPKINS PRINTING EQUIPMENT CO.,MAINTENANCE & REPAIRS,3693.81,1/15/2025
CITY OF CHICAGO DEPT.OF REVENUE-RED LIGHT,GENERAL EXPENSES,1005.00,2/27/2025
PEDDINGHAUS,MAINTENANCE & REPAIRS,2464.06,1/23/2025
LATHROP GAGE LLP,CONTRACTUAL SERVICES,2230.50,2/13/2025
*Freddies Inc,GENERAL EXPENSES,2510.27,1/16/2025
"*TRC SERVICES, INC.",CONTRACTUAL SERVICES,4576.86,2/13/2025
CHARLES EQUIPMENT ENERGY SYSTEMS LLC,MAINTENANCE & REPAIRS,20655.61,1/16/2025
PNC BANK,ADVERTISING & PROMOTION,3892.94,2/20/2025
"AT&T MOBILITY NATIONAL ACCOUNTS, LLC",UTILITIES EXPENSE,20516.20,2/21/2025
PARADISE PROCESS & PRO SE SERVICES LLC,LEGAL COSTS,130.00,2/20/2025
JEWEL OSCO,CONTRACTUAL SERVICES,377.67,1/9/2025
"AMERESCO, INC.",CONSULTING,17166.00,2/27/2025
*FALK ASSOCIATES,CONSULTING,6304.12,1/14/2025
"*MOTR GRAFX, LLC",ADVERTISING & PROMOTION,3742.00,1/23/2025
JOHN SHEBELSKI,CONTRACTUAL SERVICES,7680.00,2/6/2025
"INSPE ASSOCIATES,LTD.",ADMINISTRATION & HR,5400.00,2/27/2025
GENUINE PARTS COMPANY (NAPA),DIRECT PURCHASES,55067.62,1/23/2025
"INSPE ASSOCIATES,LTD.",ADMINISTRATION & HR,1800.00,1/30/2025
MORTON SALT COMPANY,DIRECT PURCHASES,43742.20,2/27/2025
HOME2 SUITES BY HILTON,TRAVEL & MEETING EXPENSE,1629.97,2/27/2025
PNC BANK,UTILITIES EXPENSE,289.97,2/20/2025
GENUINE PARTS COMPANY (NAPA),ADVERTISING & PROMOTION,2543.42,2/6/2025
AN EXECUTIVE DECISION,CONTRACTUAL SERVICES,266.10,1/23/2025
*SOUTH SUBURBAN PEST CONTROL,MAINTENANCE & REPAIRS,18977.00,2/27/2025
"COMET MESSENGER SERVICE, INC.",GENERAL EXPENSES,140.71,1/30/2025
"*ANCHOR STAFFING, INC.",GENERAL EXPENSES,4489.60,1/2/2025
COMMONWEALTH EDISON.,UTILITIES EXPENSE,482540.46,2/6/2025
"INSPE ASSOCIATES,LTD.",ADMINISTRATION & HR,1965.00,1/9/2025
ANDERSON ELEVATOR CO.,MAINTENANCE & REPAIRS,413587.59,2/6/2025
GENUINE PARTS COMPANY (NAPA),DIRECT PURCHASES,81190.69,2/6/2025
"CROWE, LLP",FINANCIAL & TREAS SVCS,12298.00,2/27/2025
"WISCO, INC.",MAINTENANCE & REPAIRS,591.06,1/2/2025
"MANSFIELD OIL COMPANY OF GAINESVILLE, INC.",FUEL EXPENSE,471062.45,1/9/2025
NORTHERN ILLINOIS GAS,UTILITIES EXPENSE,19783.43,2/20/2025
GENUINE PARTS COMPANY (NAPA),FINANCIAL & TREAS SVCS,18150.72,1/7/2025
*WAN Tech Inc,CONTRACTUAL SERVICES,1051.72,1/16/2025
"GREENLINE ENVIRONMENTAL SOLUTIONS, LLC",MAINTENANCE & REPAIRS,47715.00,1/30/2025
FEDERAL EMPOLYMENT LAW TRAINING GROUP LLC,TRAVEL & MEETING EXPENSE,3090.00,2/20/2025
GOLD COAST ORTHOPAEDIC AND SPINE SURGERY,ADMINISTRATION & HR,187.50,2/7/2025
PATRICIA DANNER,LEGAL COSTS,150.00,2/6/2025
*Freddies Inc,GENERAL EXPENSES,589.50,2/6/2025
"CHICAGO SUN-TIMES, INCORPORATED dba Sun-Times Media Productions, LLC",GENERAL EXPENSES,161.00,1/16/2025
AMALGAMATED BANK OF CHICAGO,FINANCIAL & TREAS SVCS,905.45,1/28/2025
GENUINE PARTS COMPANY (NAPA),DIRECT PURCHASES,201116.21,1/9/2025
HIRE360,CONSULTING,4027.00,2/27/2025
"JONES LANG LaSALLE, INCORPORATED",CONSULTING,45368.11,1/23/2025
*SYNERGY DEVELOPMENT LIMITED,MAINTENANCE & REPAIRS,714.00,1/2/2025
*FALK ASSOCIATES,CONTRACTUAL SERVICES,2497.73,2/27/2025
"MONTERREY SECURITY CONSULTANT, INC.",PURCHASE OF SECURITY SERVICES,916899.30,2/11/2025
ILLINOIS SECRETARY OF STATE,GENERAL EXPENSES,50.00,1/16/2025
"NAC GROUP, INC.",MAINTENANCE & REPAIRS,397.27,2/13/2025
HAPPY HANDS CLEANING SERVICE LLC,MAINTENANCE & REPAIRS,1666.67,2/27/2025
BUILDERS CHICAGO CORPORATION,MAINTENANCE & REPAIRS,18080.00,1/14/2025
DIRECT ENERGY BUSINESS LLC,UTILITIES EXPENSE,270877.89,1/30/2025
"AT&T MOBILITY NATIONAL ACCOUNTS, LLC",UTILITIES EXPENSE,7081.52,1/30/2025
COMPUTER AID INC,TECHNOLOGY SERVICES,933203.32,1/2/2025
ATHLETICO MANAGEMENT LLC,ADMINISTRATION & HR,400.00,1/30/2025
BUILDERS CHICAGO CORPORATION,MAINTENANCE & REPAIRS,4850.00,1/16/2025
Carahsoft Technology Corporation,CONTRACTUAL SERVICES,3793.61,2/13/2025
"*ANCHOR STAFFING, INC.",GENERAL EXPENSES,4956.30,2/27/2025
MICHAEL DOMINGUEZ,CONTRACTUAL SERVICES,100.00,2/27/2025
MastersLaw LLC,LEGAL COSTS,170.07,2/11/2025
HISPANIC ALLIANCE FOR CAREER ENHANCEMENT,ADVERTISING & PROMOTION,9150.00,1/9/2025
GENUINE PARTS COMPANY (NAPA),DIRECT PURCHASES,41129.80,1/28/2025
TOMPKINS PRINTING EQUIPMENT CO.,MAINTENANCE & REPAIRS,1802.73,1/8/2025
GENUINE PARTS COMPANY (NAPA),TRAVEL & MEETING EXPENSE,4285.19,1/16/2025
AMALGAMATED BANK OF CHICAGO,FINANCIAL & TREAS SVCS,11063.25,2/25/2025
"OCCUPATIONAL HEALTH CENTERS OF ILLINOIS, P.C.",ADMINISTRATION & HR,13851.00,2/25/2025
GENUINE PARTS COMPANY (NAPA),MAINTENANCE & REPAIRS,4662.43,2/13/2025
"ESRI, INC.",CONSULTING,23000.00,1/2/2025
VILLAGE OF FOREST PARK.,PURCHASE OF SECURITY SERVICES,2059.89,2/13/2025
"CONCARE, INC.",MAINTENANCE & REPAIRS,14967.45,1/16/2025
"*Supply Logistics & Procurement Services, LLC",MAINTENANCE & REPAIRS,893.76,2/27/2025
GEORGE R CYBULSKI M.D.,ADMINISTRATION & HR,2925.00,2/27/2025
ILLINOIS SECRETARY OF STATE,GENERAL EXPENSES,50.00,1/16/2025
MASSACHUSETTS INSTITUTE OF TECHNOLOGY,CONTRACTUAL SERVICES,69901.59,1/9/2025
CLAREMONT LLC,CONTRACTUAL SERVICES,185.00,1/16/2025
"108 NORTH STATE ST. (CHICAGO) OWNER,LLC",FACILITY RENTAL,33770.00,1/9/2025
FERRANDINO REPORTING,LEGAL COSTS,618.40,2/20/2025
PNC BANK,TECHNOLOGY SERVICES,80.47,2/20/2025
"*ALLPOINTS SECURITY AND DETECTIVE, INC.",PURCHASE OF SECURITY SERVICES,36813.02,2/25/2025
KENNETH JOSEPH,LEGAL COSTS,75.00,1/2/2025
Michael Best Strategies,CONTRACTUAL SERVICES,6000.00,1/2/2025
BEVERLY & PAUSE,LEGAL COSTS,2265.00,1/30/2025
"NAC GROUP, INC.",MAINTENANCE & REPAIRS,287.85,2/27/2025
"*STEINER SECURITY SERVICES, INC",PURCHASE OF SECURITY SERVICES,104636.33,1/30/2025
"HEYL, ROYSTER, VOELKER & ALLEN P.C.",LEGAL COSTS,6323.50,2/20/2025
"CHICAGO SUN-TIMES, INCORPORATED dba Sun-Times Media Productions, LLC",GENERAL EXPENSES,140.00,1/16/2025
"MCCORKLE LITIGATION SERVICES, INC",LEGAL COSTS,778.50,2/21/2025
"West Publishing Corporation d/b/a Thomson Reuters - West or West, a Thomson Reuters Business or Thomson West or West Group",FINANCIAL & TREAS SVCS,9864.47,1/30/2025
AN EXECUTIVE DECISION,GENERAL EXPENSES,7262.50,1/16/2025
"ZIPCAR, INC.",EQUIPMENT RENTAL,179.00,2/25/2025
MP2 ENERGY NE LLC,UTILITIES EXPENSE,301372.69,2/21/2025
*FALK ASSOCIATES,CONSULTING,2775.57,1/9/2025
GENUINE PARTS COMPANY (NAPA),CONSULTING,160885.00,1/2/2025
"COMET MESSENGER SERVICE, INC.",GENERAL EXPENSES,105.55,2/6/2025
"NBI, Inc.",TRAVEL & MEETING EXPENSE,4600.00,2/6/2025
"SAFETY KLEEN SYSTEMS, INC.",MAINTENANCE & REPAIRS,4914.38,2/13/2025
DEPENDABLE FIRE EQUIPMENT,MAINTENANCE & REPAIRS,7788.00,1/2/2025
PNC BANK,GENERAL EXPENSES,327.00,1/17/2025
"VOJAS TAYLOR, LLC",CONTRACTUAL SERVICES,6000.00,2/20/2025
"*EVERLIGHTS, INC.",MAINTENANCE & REPAIRS,670.00,1/23/2025
PEOPLES GAS,UTILITIES EXPENSE,110130.09,2/27/2025
"*SILK SCREEN EXPRESS, INC..",TRAVEL & MEETING EXPENSE,9269.50,1/30/2025
"GREENLINE ENVIRONMENTAL SOLUTIONS, LLC",MAINTENANCE & REPAIRS,11760.00,2/21/2025
SAFETY VISION LLC,FINANCIAL & TREAS SVCS,4549.44,1/14/2025
GOLD COAST ORTHOPAEDIC AND SPINE SURGERY,ADMINISTRATION & HR,187.50,2/7/2025
CDM SMITH INC.,CONTRACTUAL SERVICES,10669.67,2/21/2025
POINT OF DIFFERENCE STRATEGIES,CONTRACTUAL SERVICES,30000.00,1/30/2025
CITY OF CHICAGO POLICE DEPT,LEGAL COSTS,25.00,1/9/2025
"HERITAGE-CRYSTAL CLEAN, LLC",DIRECT PURCHASES,3477.00,1/9/2025
"AT&T MOBILITY NATIONAL ACCOUNTS, LLC",UTILITIES EXPENSE,42832.35,2/6/2025
ALOHA PRINT GROUP,LEGAL COSTS,86.50,1/23/2025
ILLINOIS SECRETARY OF STATE,GENERAL EXPENSES,45.00,2/20/2025
"Christopher Glass Services, Inc",MAINTENANCE & REPAIRS,1785.00,2/21/2025
PLANET DEPOS LLC,GENERAL EXPENSES,604.45,2/6/2025
"IMPERIAL CRANE SERVICES, INC.",EQUIPMENT RENTAL,4480.00,1/23/2025
GENUINE PARTS COMPANY (NAPA),DIRECT PURCHASES,66201.88,1/2/2025
"MANSFIELD OIL COMPANY OF GAINESVILLE, INC.",FUEL EXPENSE,210865.61,1/7/2025
"MANSFIELD OIL COMPANY OF GAINESVILLE, INC.",FUEL EXPENSE,266493.93,1/21/2025
GENUINE PARTS COMPANY (NAPA),TRAVEL & MEETING EXPENSE,212.03,1/23/2025
*WAN Tech Inc,CONTRACTUAL SERVICES,652.56,1/23/2025
"WILLIAMS SCOTSMAN, INC. DBA WILLSCOT",MAINTENANCE & REPAIRS,1980.00,2/6/2025
"CHICAGO SUN-TIMES, INCORPORATED dba Sun-Times Media Productions, LLC",GENERAL EXPENSES,168.00,1/16/2025
CITY OF CHICAGO-DEPT OF WATER,UTILITIES EXPENSE,17314.38,2/27/2025
LEXITAS,LEGAL COSTS,35.53,1/9/2025
"ATLAS FIRST ACCESS MATERIAL HANDLING, INC.",MAINTENANCE & REPAIRS,2595.00,2/6/2025
"*ANCHOR STAFFING, INC.",GENERAL EXPENSES,6368.85,2/11/2025
"JAMIL DIHU, DO",ADMINISTRATION & HR,700.00,2/6/2025
CPS PARKING,CONTRACTUAL SERVICES,5000.00,1/9/2025
"West Publishing Corporation d/b/a Thomson Reuters - West or West, a Thomson Reuters Business or Thomson West or West Group",GENERAL EXPENSES,1438.27,2/27/2025
"WISCO, INC.",MAINTENANCE & REPAIRS,6940.30,1/14/2025
"WOLTER, INC.",DIRECT PURCHASES,12040.00,2/27/2025
"VOJAS TAYLOR, LLC",CONTRACTUAL SERVICES,6000.00,1/30/2025
"WISCO, INC.",DIRECT PURCHASES,237.15,1/9/2025
HILTON LONG BEACH,TRAVEL & MEETING EXPENSE,937.69,1/16/2025
"*FLOOD TESTING LABORATORIES, INC.",MAINTENANCE & REPAIRS,96.00,1/2/2025
"QUANTUM CROSSINGS, LLC",FINANCIAL & TREAS SVCS,5520973.92,2/13/2025
UNION PACIFIC RAILROAD COMPANY,FACILITY RENTAL,105000.00,1/28/2025
CUMMINS INC.,MAINTENANCE & REPAIRS,610.80,2/25/2025
PLANET DEPOS LLC,GENERAL EXPENSES,2454.60,2/27/2025
*CityEscape Garden & Design,MAINTENANCE & REPAIRS,1430.02,1/23/2025
"INSPE ASSOCIATES,LTD.",ADMINISTRATION & HR,35760.00,1/9/2025
ANTHONY BONDS,LEGAL COSTS,225.00,2/20/2025
"HEYL, ROYSTER, VOELKER & ALLEN P.C.",LEGAL COSTS,14743.50,2/13/2025
CDW GOVERNMENT LLC,TECHNOLOGY SERVICES,1391.00,2/25/2025
"*STEINER SECURITY SERVICES, INC",PURCHASE OF SECURITY SERVICES,206324.76,1/28/2025
BUILDERS CHICAGO CORPORATION,MAINTENANCE & REPAIRS,22624.00,2/11/2025
BUILDERS CHICAGO CORPORATION,MAINTENANCE & REPAIRS,549.00,2/25/2025
"STANTON MECHANICAL, INC.",MAINTENANCE & REPAIRS,14045.75,1/9/2025
L & L REPORTING,LEGAL COSTS,203.00,1/30/2025
SHIRLEY RYAN ABILITY LAB,ADMINISTRATION & HR,400.00,1/23/2025
"JONES ENVIRONMENTAL CONTROL, INC.",MAINTENANCE & REPAIRS,55320.00,2/6/2025
"HIRERIGHT SOLUTIONS, INC.",ADMINISTRATION & HR,9354.00,1/30/2025
Carahsoft Technology Corporation,TECHNOLOGY SERVICES,323090.80,2/27/2025
"ATLAS FIRST ACCESS MATERIAL HANDLING, INC.",MAINTENANCE & REPAIRS,18815.52,2/27/2025
"TRAPEZE SOFTWARE GROUP, INC",MAINTENANCE & REPAIRS,216150.00,1/23/2025
MAGNA LEGAL SERVICES,LEGAL COSTS,12487.24,1/16/2025
HIRE360,CONSULTING,26220.00,2/6/2025
COMPUTER AID INC,TECHNOLOGY SERVICES,960800.19,2/13/2025
CITY OF CHICAGO DEPT.OF REVENUE-RED LIGHT,GENERAL EXPENSES,70.00,1/9/2025
COMPUTER AID INC,TECHNOLOGY SERVICES,948653.57,1/16/2025
AURIGA CORPORATION,CONSULTING,16500.00,2/20/2025
CHICAGO POLICE DEPARTMENT  (1),LEGAL COSTS,25.00,2/7/2025
DIRECT ENERGY BUSINESS LLC,UTILITIES EXPENSE,160713.34,1/21/2025
RSI GROUP,CONSULTING,15000.00,1/7/2025
"THOMPSON COBURN, LLC",LEGAL COSTS,17475.50,1/28/2025
US BANK,FINANCIAL & TREAS SVCS,100.00,1/30/2025
AGAE / PRO FENCE JOINT VENTURE,MAINTENANCE & REPAIRS,3249.60,2/25/2025
CHICAGO TRIBUNE CO.,ADVERTISING & PROMOTION,555.28,1/30/2025
CPS PARKING,PURCHASE OF SECURITY SERVICES,4224.00,1/9/2025
ANDERSON ELEVATOR CO.,MAINTENANCE & REPAIRS,404788.06,1/2/2025
*RAE PRODUCTS AND CHEMICALS CORPORATION,MAINTENANCE & REPAIRS,1591.53,1/9/2025
MEDIAAGILITY INC,TECHNOLOGY SERVICES,2827.54,2/4/2025
CITY OF CHICAGO-DEPT OF WATER,UTILITIES EXPENSE,1729.79,2/6/2025
GENUINE PARTS COMPANY (NAPA),DIRECT PURCHASES,46140.64,1/16/2025
"OER SERVICES, LLC",EQUIPMENT RENTAL,50457.00,1/23/2025
GENUINE PARTS COMPANY (NAPA),GENERAL EXPENSES,3848.00,1/21/2025
*J.P. SIMONS & COMPANY,DIRECT PURCHASES,1627.60,1/30/2025
GRACE BRENNAN,LEGAL COSTS,20.00,1/30/2025
"*STEINER SECURITY SERVICES, INC",PURCHASE OF SECURITY SERVICES,104497.20,2/13/2025
"COMET MESSENGER SERVICE, INC.",GENERAL EXPENSES,138.54,1/2/2025
GENUINE PARTS COMPANY (NAPA),DIRECT PURCHASES,74225.68,2/27/2025
KOPKA PINKUS & DOLIN PC,LEGAL COSTS,15020.75,2/13/2025
"Christopher Glass Services, Inc",MAINTENANCE & REPAIRS,4786.00,2/13/2025
GENUINE PARTS COMPANY (NAPA),CONTRACTUAL SERVICES,76.12,1/28/2025
"Image Exchange/Transit Gifts, Inc.",GENERAL EXPENSES,175.00,1/16/2025
COMMONWEALTH EDISON.,UTILITIES EXPENSE,643796.27,2/21/2025
"STANTON MECHANICAL, INC.",MAINTENANCE & REPAIRS,6219.00,2/21/2025
*J.P. SIMONS & COMPANY,DIRECT PURCHASES,25217.69,2/20/2025
"INSPE ASSOCIATES,LTD.",ADMINISTRATION & HR,4200.00,2/27/2025
CONTINENTAL LANGUAGES LLC,CONTRACTUAL SERVICES,300.00,1/9/2025
"ATLAS FIRST ACCESS MATERIAL HANDLING, INC.",MAINTENANCE & REPAIRS,5239.04,1/16/2025
FEDEX,GENERAL EXPENSES,80.48,1/2/2025
AMANDA WILLIAMS,CONTRACTUAL SERVICES,100000.00,2/4/2025
"DELIVRA, INC",TECHNOLOGY SERVICES,1041.00,1/16/2025
Carahsoft Technology Corporation,CONTRACTUAL SERVICES,3689.75,1/16/2025
"GENERAL COMMUNICATIONS, INC",MAINTENANCE & REPAIRS,17825.00,2/20/2025
JOHNSON CONTROLS FIRE PROTECTION LP,MAINTENANCE & REPAIRS,74775.06,2/21/2025
GENUINE PARTS COMPANY (NAPA),FINANCIAL & TREAS SVCS,370.44,2/6/2025
AN EXECUTIVE DECISION,ADVERTISING & PROMOTION,2146.18,1/9/2025
G & O THERMAL SUPPLY COMPANY,DIRECT PURCHASES,251.50,1/15/2025
CHICAGO FIRE DEPT,LEGAL COSTS,25.00,2/6/2025
CSCHED registered legal name COURVAL SCHEDULING INC,TECHNOLOGY SERVICES,2832.50,1/24/2025
TOOMEY REPORTING,LEGAL COSTS,420.00,1/16/2025
G & O THERMAL SUPPLY COMPANY,DIRECT PURCHASES,44.00,2/19/2025
Tribologik Corp,CONTRACTUAL SERVICES,40510.40,2/13/2025
"AUDACY ILLINOIS, LLC",ADVERTISING & PROMOTION,21750.00,1/23/2025
PNC BANK,UTILITIES EXPENSE,267.13,1/17/2025
PULLMAN GATEWAY LLC,EQUIPMENT RENTAL,24505.00,1/28/2025
"WISCO, INC.",MAINTENANCE & REPAIRS,1026.36,2/27/2025
DUPAGE MEDICAL GROUP,ADMINISTRATION & HR,187.50,1/16/2025
DUPAGE MEDICAL GROUP,ADMINISTRATION & HR,187.50,1/16/2025
ESQUIRE DEPOSITION SOLUTIONS,LEGAL COSTS,2097.22,1/30/2025
FOX VALLEY FIRE & SAFETY COMPANY,MAINTENANCE & REPAIRS,6388.25,2/6/2025
Carahsoft Technology Corporation,TECHNOLOGY SERVICES,1012.50,1/2/2025
"CUBIC TRANSPORTATION SYSTEMS, INC.",DIRECT PURCHASES,444234.85,2/6/2025
HUSEBY GLOBAL LITIGATION,LEGAL COSTS,525.45,2/27/2025
INTERNATIONAL TRANSPORTATION LEARNING CENTER,CONTRACTUAL SERVICES,6930.00,2/6/2025
UNIVERSITY OF ILLINOIS (UIC),CONTRACTUAL SERVICES,1200.00,1/30/2025
"*MULTILINGUAL CONNECTIONS, LLC",ADVERTISING & PROMOTION,55.00,2/13/2025
